FTno_State,Fuel_Name,FTno_FDR,Fuel_FDR,FBM,FHS_s,FHS_ns,FHS_el,FHS_b,FL_s,FL_ns,FL_el,FL_b,FL_o,FL_total,FI_s,FI_ns,FI_el,FI_b,FI_o,FI_total,Fk_s,Fk_ns,Fk_el,Fk_b,Fk_o,Fk_total,H_ns,H_el,H_o,Hk_ns,Cov_o,WF_Sav,WF_Heath,WRF_For,Spotting,Prod_BG,OFHR,WSF,FHR_s,FHR_el,FHR_b
6101,Jarrah North East,100,Forest,Vesta,3,3,2,3,11,3,2,5,4.5,22,1,0.5,0,0,0,1,0.2,0.15,0.2,0.1,1,0.2,20,0.5,30,0.3,,,,3,1,,5,0,,,
6102,Jarrah North West,100,Forest,Vesta,3.5,3,2.5,3,11,3,2.5,5,4.5,24.5,2,0.5,0,0,0,2.5,0.25,0.15,0.2,0.1,1,0.2,25,0.5,30,0.3,,,,3,1,,5,0,,,
6103,Jarrah South,100,Forest,Vesta,3.5,3,3,3,11,4,3,5,4.5,26,2,0.75,0,0,0,2.75,0.35,0.2,0.2,0.1,1,0.2,30,1.8,30,0.3,,,,3.5,1,,5,0,,,
6104,Jarrah-Karri Mosaic,150,Wet_forest,Vesta,4,3,3.5,3,11,3.5,4,5,8,32.5,2,0.75,0,0,0,2.75,0.15,0.2,0.15,0.1,1,0.2,35,2,60,0.3,,,,3.5,1,,5,1,,,
6105,Open forest,100,Forest,Vesta,2.7,2.7,1.8,2.7,10.8,2.7,1.8,4.5,4.5,20,0.9,0.5,0,0,0,0.9,0.2,0.15,0.2,0.1,1,0.1,20,0.5,20,0.3,,,,3,0,,4,0,,,
6106,Melaleuca Open forest,100,Forest,Vesta,2.7,2.7,1.8,2.7,10.8,2.7,1.8,4.5,4.5,20,0.9,0.5,0,0,0,0.9,0.2,0.15,0.2,0.1,1,0.1,20,0.5,20,0.3,,,,3,0,,4,0,,,
6111,Banksia woodland,600,Heath,Heathland,,,,,,,,,,15,,,,,,0.7,,,,,,0.1,,1,,,10,,0.35,,,,2,0,,,
6112,Woodland with shrub,100,Forest,Vesta,1.7,0.9,1,1.1,6,1.5,1,2.5,4.5,11,0.5,0.25,0,0,0,0.5,0.2,0.15,0.2,0.1,1,0.2,20,1.6,13,0.3,,,,2.5,0,,2,0,,,
6150,Plantation from ALUM,100,Forest,Vesta,2.5,1,1,3,11,2.5,1,2,4.5,22,,,,,,,0.3,0.2,0.2,0.1,0.3,0.2,20,1.5,20,0.3,,,,5,1,,4,0,,,
6201,Pinus,200,Pine,Pine,,,,,,,,,,,,,,,,,,,,,,,,,,,,,,,,,4,0,,,
6301,hOFM Open Forest with Mixed grasses,300,Woodland,Savanna,,,,,,,,,,7.76,,,,,,,,,,,,0.7,,,,,,0.5,,,,,4,0,,,
6302,hWMi Woodland with Mixed grasses ,300,Woodland,Savanna,,,,,,,,,,6.23,,,,,,,,,,,,1,,,,,,0.5,,,,,4,0,,,
6303,lWTu Woodland with Tussock grass,300,Woodland,Savanna,,,,,,,,,,7.02,,,,,,,,,,,,0.6,,,,,,0.5,,,,,2,0,,,
6304,lWMi Woodland with Mixed grasses,300,Woodland,Savanna,,,,,,,,,,3.26,,,,,,,,,,,,1,,,,,,0.5,,,,,4,0,,,
6305,lOWM Open Woodland with Mixed grasses,300,Woodland,Savanna,,,,,,,,,,4.19,,,,,,,,,,,,1,,,,,,0.6,,,,,4,0,,,
6306,Woodland with tussock grass,300,Woodland,Savanna,,,,,,,,,,7.02,,,,,,,,,,,,0.6,,,,,,0.5,,,,,2,0,,,
6307,Open woodland with tussock grass,300,Woodland,Savanna,,,,,,,,,,7.02,,,,,,,,,,,,0.6,,,,,,0.6,,,,,2,0,,,
6308,Pindan woodland,300,Woodland,Savanna,,,,,,,,,,7.02,,,,,,,,,,,,0.6,,,,,,0.5,,,,,4,0,,,
6311,Arid woodland,310,Acacia_woodland,Savanna,,,,,,,,,,,,,,,,,,,,,,,,,,,,0.5,,,,,2,0,,,
6312,Woodland with chenopod,310,Acacia_woodland,Savanna,,,,,,,,,,,,,,,,,,,,,,,,,,,,0.5,,,,,2,0,,,
6313,Arid shrubland,310,Acacia_woodland,Savanna,,,,,,,,,,,,,,,,,,,,,,,,,,,,0.6,,,,,2,0,,,
6314,Shrubland with chenopod,310,Acacia_woodland,Savanna,,,,,,,,,,,,,,,,,,,,,,,,,,,,0.6,,,,,2,0,,,
6350,Woody horticulture  from ALUM,350,Woody_horticulture,Savanna,,,,,,,,,,,,,,,,,,,,,,,,,,,,0.5,,,,,2,0,,,
6360,Rural  from ALUM,360,Rural,Savanna,,,,,,,,,,,,,,,,,,,,,,,,,,,,0.5,,,,,2,0,,,
6361,Low Density Buildings,360,Rural,Savanna,,,,,,,,,,1.5,,,,,,,,,,,,1,,,,,,0.5,,,,,1,0,,,
6370,Urban from ALUM,370,Urban,Savanna,,,,,,,,,,,,,,,,,,,,,,,,,,,,0.5,,,,,1,0,,,
6371,Medium Density Buildings,370,Urban,Savanna,,,,,,,,,,0.5,,,,,,,,,,,,1,,,,,,0.5,,,,,1,0,,,
6401,hSHH Shrubland with Hummock grass,400,Spinifex,Spinifex,,,,,,,,,,13.34,,,,,,,,,,,,,,,,,,1,,,,3,2,0,,,
6402,lSHH Shrubland with Hummock grass,400,Spinifex,Spinifex,,,,,,,,,,5.6,,,,,,,,,,,,,,,,,,1,,,,2,2,0,,,
6403,Triodia hummock grassland,400,Spinifex,Spinifex,,,,,,,,,,5.4,,,,,,,,,,,,,,,,,,1,,,,1,2,0,,,
6451,hWHu Woodland with Hummock grass,450,Spinifex_woodland,Spinifex,,,,,,,,,,7.38,,,,,,,,,,,,,,,,,,0.5,,,,3,2,0,,,
6452,lWHu Woodland with Hummock grass,450,Spinifex_woodland,Spinifex,,,,,,,,,,5.86,,,,,,,,,,,,,,,,,,0.5,,,,2,2,0,,,
6453,Spinifex woodland (arid),450,Spinifex_woodland,Spinifex,,,,,,,,,,5.4,,,,,,,,,,,,,,,,,,0.5,,,,1,2,0,,,
6454,Spinifex shrubland (arid),450,Spinifex_woodland,Spinifex,,,,,,,,,,5.4,,,,,,,,,,,,,,,,,,0.6,,,,1,2,0,,,
6455,Spinifex woodland (low rainfall),450,Spinifex_woodland,Spinifex,,,,,,,,,,5.86,,,,,,,,,,,,,,,,,,0.5,,,,2,2,0,,,
6456,Spinifex shrubland (low rainfall),450,Spinifex_woodland,Spinifex,,,,,,,,,,5.6,,,,,,,,,,,,,,,,,,0.6,,,,2,2,0,,,
6501,Mallee Heath,500,Mallee,Mallee heath,,,,,6.64,0,9.78,0,0,13.31,0,0,0,0,0,0,0.064,1,0.22,1,1,0.25,,1.8,4,,35,,,,,,5,0,,,
6551,Chenopod,550,Chenopod_shrubland,Grassland,,,,,,,,,,2,,,,,,0,,,,,,0.25,,0.5,,,,,,,,,1,0,,,
6601,Heath,600,Heath,Heathland,,,,,4.1,,3.13,,,6.09,,,,,,0,0.1,,0.68,,,0.27,,1.2,,,,,0.67,,,,5,0,,,
6602,Closed shrubland,600,Heath,Heathland,,,,,,,,,,10,,,,,,0,,,,,,0.05,,2,,,,,0.67,,,,5,0,,,
6603,Shrubland,600,Heath,Heathland,,,,,,,,,,10,,,,,,0,,,,,,0.05,,2,,,,,0.67,,,,5,0,,,
6604,Open shrubland,600,Heath,Heathland,,,,,,,,,,10,,,,,,0,,,,,,0.05,,2,,,,,0.67,,,,4,0,,,
6605,Sparse shrubland,600,Heath,Heathland,,,,,,,,,,10,,,,,,0,,,,,,0.05,,2,,,,,0.67,,,,2,0,,,
6751,Sedgeland,750,Low_wetland,Grassland,,,,,,,,,,4.5,,,,,,2,,,,,,1,,,,,,,,,,,3,0,,,
6752,Forbland,750,Low_wetland,Grassland,,,,,,,,,,3,,,,,,1,,,,,,1,,,,,,,,,,,1,0,,,
6801,Tussock grassland northern,800,Grass,Grassland,,,,,,,,,,6,,,,,,2,,,,,,1,,,,,,,,,,,2,0,,,
6802,Tussock grassland southern,800,Grass,Grassland,,,,,,,,,,4.5,,,,,,2,,,,,,1,,,,,,,,,,,2,0,,,
6803,Open Grassland,800,Grass,Grassland,,,,,,,,,,4.5,,,,,,2,,,,,,1,,,,,,,,,,,2,0,,,
6810,Pasture from ALUM,810,Pasture,Grassland,,,,,,,,,,3,,,,,,3,,,,,,1,,,,,,,,,,,1,0,,,
6820,Crop from ALUM,820,Crop,Grassland,,,,,,,,,,5,,,,,,5,,,,,,1,,,,,,,,,,,2,0,,,
6830,Horticulture from ALUM,830,Horticulture,Non_combustible,,,,,,,,,,,,,,,,,,,,,,,,,,,,,,,,,1,0,,,
6900,Non combustible from ALUM,900,Non_combustible,Non_combustible,,,,,,,,,,,,,,,,,,,,,,,,,,,,,,,,,0,0,,,
6901,No fuel,900,Non_combustible,Non_combustible,,,,,,,,,,,,,,,,,,,,,,,,,,,,,,,,,0,0,,,
6902,Mangrove,900,Non_combustible,Non_combustible,,,,,,,,,,,,,,,,,,,,,,,,,,,,,,,,,1,0,,,
6903,Water,900,Non_combustible,Non_combustible,,,,,,,,,,,,,,,,,,,,,,,,,,,,,,,,,0,0,,,
6950,Built up from ALUM,950,Built_up,Non_combustible,,,,,,,,,,,,,,,,,,,,,,,,,,,,,,,,,0,0,,,
6951,High Density Buildings,950,Built_up,Non_combustible,,,,,,,,,,,,,,,,,,,,,,,,,,,,,,,,,1,0,,,
8151,Monsoon forest,150,Wet_forest,Vesta,1.62,1.39,2.88,2.05,3.8,0,0,0,4.5,3.8,0.3,0,0,0.2,0,0.5,0.67,0.67,0.25,1.65,0.3,0.67,25,1.5,20,0.3,,,,5,0,,3,0,,,
8154,Melaleuca forest,150,Wet_forest,Vesta,2,3,,,10,0,0,0,4.5,10,2,0,0,0,0,2,0.4,0,0,0,0.3,0.4,25,1.5,20,0.3,,,,4,0,,2,0,,,
8301,hOFM Eucalypt Open Forest mixed grass,300,Woodland,Savanna,,,,,,,,,,7.76,,,,,,0,,,,,,0.6,,,,,,0.5,,,,,4,0,,,
8302,hWMi Eucalypt Woodland mixed grass,300,Woodland,Savanna,,,,,,,,,,6.23,,,,,,0,,,,,,1.8,,,,,,0.5,,,,,4,0,,,
8303,lWMi Woodland with mixed grass,300,Woodland,Savanna,,,,,,,,,,3.26,,,,,,0,,,,,,1.21,,,,,,0.5,,,,,4,0,,,
8304,lWTu Woodland with tussock grass,300,Woodland,Savanna,,,,,,,,,,7.3,,,,,,0,,,,,,0.54,,,,,,0.5,,,,,2,0,,,
8305,lOWM Open woodland with mixed grass,300,Woodland,Savanna,,,,,,,,,,4.2,,,,,,0,,,,,,1.23,,,,,,0.6,,,,,4,0,,,
8306,Eucalyptus open forest,300,Woodland,Savanna,,,,,,,,,,7.76,,,,,,0,,,,,,0.6,,,,,,0.5,,,,,4,0,,,
8307,Eucalyptus woodland,300,Woodland,Savanna,,,,,,,,,,3.26,,,,,,0,,,,,,1.21,,,,,,0.5,,,,,4,0,,,
8308,Eucalyptus open woodland,300,Woodland,Savanna,,,,,,,,,,4.2,,,,,,0,,,,,,1.23,,,,,,0.5,,,,,4,0,,,
8311,Lancewood,310,Acacia_woodland,Savanna,,,,,,,,,,2,,,,,,0,,,,,,1,,,,,,0.5,,,,,4,0,,,
8313,Acacia open woodland,310,Acacia_woodland,Savanna,,,,,,,,,,2,,,,,,0,,,,,,1,,,,,,0.6,,,,,5,0,,,
8314,Acacia shrubland,310,Acacia_woodland,Savanna,,,,,,,,,,2,,,,,,0,,,,,,1,,,,,,0.7,,,,,5,0,,,
8321,Melaleuca woodland,300,Woodland,Savanna,,,,,,,,,,3.26,,,,,,0,,,,,,1.21,,,,,,0.5,,,,,4,0,,,
8322,Melaleuca open woodland,300,Woodland,Savanna,,,,,,,,,,4.2,,,,,,0,,,,,,1.23,,,,,,0.6,,,,,4,0,,,
8324,Other woodland,300,Woodland,Savanna,,,,,,,,,,3.26,,,,,,0,,,,,,1.21,,,,,,0.5,,,,,4,0,,,
8325,Other open woodland,300,Woodland,Savanna,,,,,,,,,,4.2,,,,,,0,,,,,,1.23,,,,,,0.6,,,,,4,0,,,
8330,Woodland with gamba (Dominant),330,Gamba,Savanna,,,,,,,,,,20,,,,,,2,,,,,,1,,,,,,0.5,,,,,5,0,,,
8331,Woodland with gamba (Abundant),330,Gamba,Savanna,,,,,,,,,,12,,,,,,2,,,,,,1,,,,,,0.5,,,,,5,0,,,
8332,Woodland with gamba (Present),330,Gamba,Savanna,,,,,,,,,,7,,,,,,2,,,,,,1,,,,,,0.5,,,,,4,0,,,
8350,Woody horticulture,350,Woody_horticulture,Savanna,,,,,,,,,,1.6,,,,,,1,,,,,,1,,,,,,0.5,,,0,,2,0,,,
8360,Rural,360,Rural,Savanna,,,,,,,,,,3.2,,,,,,1,,,,,,1,,,,,,0.5,,,,,2,0,,,
8370,Urban,370,Urban,Savanna,,,,,,,,,,1.1,,,,,,1,,,,,,1,,,,,,0.5,,,,,1,0,,,
8401,hSHH Sandstone Heath with Hummock Grass,400,Spinifex,Spinifex,,,,,,,,,,13.34,,,,,,,,,,,,,,,,,,1,,,,3,2,0,,,
8402,lSHH Shrubland heath with hummock grass,400,Spinifex,Spinifex,,,,,,,,,,5.32,,,,,,,,,,,,,,,,,,1,,,,2,2,0,,,
8403,Triodia hummock grassland,400,Spinifex,Spinifex,,,,,,,,,,5.4,,,,,,,,,,,,,,,,,,1,,,,1,2,0,,,
8404,Spinifex shrubland,400,Spinifex,Spinifex,,,,,,,,,,5.4,,,,,,,,,,,,,,,,,,1,,,,1,2,0,,,
8451,hWHu Sandstone Woodland with hummock grass,450,Spinifex_woodland,Spinifex,,,,,,,,,,5.86,,,,,,,,,,,,,,,,,,0.5,,,,3,2,0,,,
8452,lWHu Woodland with hummock grass,450,Spinifex_woodland,Spinifex,,,,,,,,,,6.61,,,,,,,,,,,,,,,,,,0.5,,,,2,2,0,,,
8454,Spinifex open woodland (arid),450,Spinifex_woodland,Spinifex,,,,,,,,,,5.4,,,,,,,,,,,,,,,,,,0.6,,,,1,4,0,,,
8455,Spinifex woodland (arid),450,Spinifex_woodland,Spinifex,,,,,,,,,,5.4,,,,,,,,,,,,,,,,,,0.5,,,,1,4,0,,,
8456,Spinifex open woodland (low CFI),450,Spinifex_woodland,Spinifex,,,,,,,,,,6.61,,,,,,,,,,,,,,,,,,0.6,,,,2,4,0,,,
8457,Spinifex woodland (low CFI),450,Spinifex_woodland,Spinifex,,,,,,,,,,6.61,,,,,,,,,,,,,,,,,,0.5,,,,2,4,0,,,
8458,Spinifex open woodland (high CFI),450,Spinifex_woodland,Spinifex,,,,,,,,,,5.86,,,,,,,,,,,,,,,,,,0.6,,,,3,4,0,,,
8459,Spinifex woodland (high CFI),450,Spinifex_woodland,Spinifex,,,,,,,,,,5.86,,,,,,,,,,,,,,,,,,0.5,,,,3,4,0,,,
8551,Chenopod shrubland,550,Chenopod_shrubland,Grassland,,,,,,,,,,2,,,,,,0,,,,,,0.69,,,,,,,,,,,1,0,,,
8800,Grass (broad NVIS),800,Grass,Grassland,,,,,,,,,,6.68,,,,,,0,,,,,,1,,,,,,,,,,,2,0,,,
8801,Tussock grassland,800,Grass,Grassland,,,,,,,,,,5,,,,,,0,,,,,,1,,,,,,,,,,,2,0,,,
8802,Tussock open grassland,800,Grass,Grassland,,,,,,,,,,3.5,,,,,,0,,,,,,1,,,,,,,,,,,2,0,,,
8803,Tussock sparse grassland,800,Grass,Grassland,,,,,,,,,,2,,,,,,0,,,,,,1,,,,,,,,,,,2,0,,,
8804,Oryza tussock grassland,750,Low_wetland,Grassland,,,,,,,,,,6.68,,,,,,0,,,,,,1,,,,,,,,,,,3,0,,,
8805,Xerochloa grassland,750,Low_wetland,Grassland,,,,,,,,,,6.68,,,,,,0,,,,,,1,,,,,,,,,,,3,0,,,
8810,Pasture,810,Pasture,Grassland,,,,,,,,,,3,,,,,,1,,,,,,1,,,,,,,,,,,1,0,,,
8820,Crop,820,Crop,Grassland,,,,,,,,,,5,,,,,,1,,,,,,1,,,,,,,,,,,2,0,,,
8830,Horticulture,830,Horticulture,Non_combustible,,,,,,,,,,,,,,,,,,,,,,,,,,,,,,,,,1,0,,,
8900,No fuel,900,Non_combustible,Non_combustible,,,,,,,,,,,,,,,,,,,,,,,,,,,,,,,,,0,0,,,
8901,Saline wetland,900,Non_combustible,Non_combustible,,,,,,,,,,,,,,,,,,,,,,,,,,,,,,,,,1,0,,,
8903,No fuel,900,Non_combustible,Non_combustible,,,,,,,,,,,,,,,,,,,,,,,,,,,,,,,,,0,0,,,
8950,Built Up,950,Built_up,Non_combustible,,,,,,,,,,,,,,,,,,,,,,,,,,,,,,,,,1,0,,,
5000,No Fuel,900,Non_combustible,Non_combustible,0,0,0,0,0,0,0,0,0,0,0,0,0,0,,0,0,0,0,0,,0,,,,,,,,1,0,,0,0,,,
5001,Woody Native Vegetation,100,Forest,Vesta,3.57,3,3.15,3,11,0,4.1,5,4.5,24.6,0.7,0,0,0,,0.7,0.3,0.3,0.2,0.14,0.3,0.3,25,1.5,20,0.3,,,,3,1,,5,0,,,
5002,Mangrove Vegetation,900,Non_combustible,Non_combustible,0,0,0,0,0,0,0,0,0,0,0,0,0,0,,0,0,0,0,0,,0,,,,,,,,4,0,,1,0,,,
5003,Non-Woody Native Vegetation,800,Grass,Grassland,2,1.71,0,0,5.8,0,0,0,0,5.8,1.2,0,0,0,,1.2,1,1,0,0,,1,,,,,,,,2,0,,2,0,,,
5004,Saltmarsh Vegetation,900,Non_combustible,Non_combustible,0,0,0,0,0,0,0,0,0,0,0,0,0,0,,0,0,0,0,0,,0,,,,,,,,2,0,,1,0,,,
5005,Wetland Vegetation,750,Low_wetland,Grassland,0,0,0,0,0,0,0,0,0,0,0,0,0,0,,0,0,0,0,0,,0,,,,,,,,2,0,,1,0,,,
5006,Natural Low Cover,900,Non_combustible,Non_combustible,0,0,0,0,0,0,0,0,0,0,0,0,0,0,,0,0,0,0,0,,0,,,,,,,,1,0,,1,0,,,
5007,Salt Lake/ Saltpan,900,Non_combustible,Non_combustible,0,0,0,0,0,0,0,0,0,0,0,0,0,0,,0,0,0,0,0,,0,,,,,,,,1,0,,0,0,,,
5008,Dryland Agriculture,820,Crop,Grassland,2,1.71,0,0,5.8,0,0,0,0,5.8,5.8,0,0,0,,5.8,1,1,0,0,,1,,,,,,,,2,0,,2,0,,,
5009,Exotic Vegetation,370,Urban,Savanna,0,0,0,0,0,0,0,0,0,0,0,0,0,0,,0,0,0,0,0,,0,,,,,,1,,1,0,,1,0,,,
5010,Irrigated Non-Woody,830,Horticulture,Non_combustible,0,0,0,0,0,0,0,0,0,0,0,0,0,0,,0,0,0,0,0,,0,,,,,,,,2,0,,1,0,,,
5011,Orchards/ Vineyards,350,Woody_horticulture,Savanna,0.93,0.8,2.29,0,2.4,0,0.6,0,0,3,0,0,0,0,,0,0.2,0.2,0.24,0,,0.2,,,,,,0.5,,2.5,0,,1,0,,,
5012,Plantation (Softwood),200,Pine,Pine,2.2,1.89,0,2.47,6.6,0,0,3.3,0,9.9,0,0,0,0,,0,0.05,0.05,0,0.15,,0.05,,,,,,,,5,0,,4,0,,,
5013,Plantation (Hardwood),100,Forest,Vesta,2.03,1.74,0,1.03,5.9,0,0,0.4,4.5,10.8,0.4,0,0,0,,0.4,0.15,0.15,1,0.15,0.3,0.15,25,1.5,20,0.3,,,,4,0,,3,0,,,
5014,Urban Area,370,Urban,Savanna,0,0,0,0,0,0,0,0,0,0,0,0,0,0,,0,0,0,0,0,,0,,,,,,0.5,,4,0,,1,0,,,
5015,Built-up Area,950,Built_up,Non_combustible,0,0,0,0,0,0,0,0,0,0,0,0,0,0,,0,0,0,0,0,,0,,,,,,,,4,0,,1,0,,,
5016,Disturbed Ground / Outcrop,900,Non_combustible,Non_combustible,0,0,0,0,0,0,0,0,0,0,0,0,0,0,,0,0,0,0,0,,0,,,,,,,,1,0,,1,0,,,
5017,Water Unspecified,900,Non_combustible,Non_combustible,0,0,0,0,0,0,0,0,0,0,0,0,0,0,,0,0,0,0,0,,0,,,,,,,,1,0,,0,0,,,
5018,Stringbark Forest & Woodland (Dominant) with Shrubby/Heathy Understroy ,100,Forest,Vesta,4,3,3.5,4,11,0,6,5,4.5,26.5,1.2,0,0.1,0,,1.3,0.3,0.3,0.3,0.14,0.3,0.3,25,1.5,20,0.3,,,,4,1,,5,0,,,
5019,Smooth Bark Eucalypt Forest & Woodland with Shrubby/Heathy Understorey,100,Forest,Vesta,3.57,3,3.15,2.39,11,0,4.1,3,4.5,22.6,0.7,0,0,0,,0.7,0.3,0.3,0.2,0.2,0.3,0.3,25,1.5,20,0.3,,,,3,0,,5,0,,,
5020,Smooth Bark Eucalypt Woodland with Grass Understorey,100,Forest,Vesta,3.65,3,2.88,2.35,11,0,2.1,2.9,4.5,20.5,1,0,0,0,,1,0.5,0.5,0.25,0.25,0.3,0.5,25,1.5,20,0.3,,,,3,0,,5,0,,,
5021,Platy Bark Eucalypt Woodland with Shrubby Understorey,100,Forest,Vesta,3.41,2.92,3.15,2.7,11,0,4.1,4.1,4.5,23.7,0.7,0,0,0,,0.7,0.3,0.3,0.3,0.3,0.3,0.3,25,1.5,20,0.3,,,,3,0,,5,0,,,
5022,Platy Bark Eucalypt Woodland with grassy Understorey,300,Woodland,Savanna,3.46,2.97,2.88,2.7,11,0,2.1,4.1,0,17.2,0.6,0,0,0,,0.6,0.55,0.55,0.3,0.3,,0.55,,,,,,0.5,,3,0,,5,0,,,
5023,River Red Gum woodland - creek line,300,Woodland,Savanna,3.76,3,3.26,2.2,11,0,3.6,2.4,0,17,4.1,0,0.1,0,,4.2,0.3,0.3,0.2,0.2,,0.3,,,,,,0.5,,3,0,,5,0,,,
5024,Gum grassy open woodland (eg red gum tree patches in paddocks),300,Woodland,Savanna,3.41,2.92,2.99,2.2,11,0,2.5,2.4,0,15.9,0.5,0,0,0,,0.5,0.4,0.4,0.1,0.2,,0.4,,,,,,0.5,,3,0,,5,0,,,
5025,Eucalypt over chenopod/saltbush,300,Woodland,Savanna,0.4,0.34,2.53,0.44,1,0,0.9,0.1,0,2,0,0,0.1,0,,0.1,0.36,0.36,0.2,0.25,,0.36,,,,,,0.5,,3,0,,1,0,,,
5026,Spinifex and Hummock Grasses,400,Spinifex,Spinifex,2.95,2.53,0,0,10.9,0,0,0,0,10.9,0.5,0,0,0,,0.5,0.1,0.1,0,0,,0.1,,,,,,1,,2,0,1,3,0,,,
5027,Mallee over Spinifex/Hummock Grass,450,Spinifex_woodland,Spinifex,2.7,2.31,3.99,2,8.7,0,6,1.8,0,16.5,1,0,0,0,,1,0.1,0.1,0.05,0.2,,0.1,,,,,,0.5,,2.7,0,1,5,0,,,
5028,Mallee over tussock Grass,300,Woodland,Savanna,2.1,1.8,2.88,2,6.2,0,1.5,1.8,0,9.5,1.2,0,0,0,,1.2,0.5,0.5,0.25,0.2,,0.5,,,,,,0.5,,2.7,0,,3,0,,,
5029,Mallee with high continuous heath understory (KI),600,Heath,Heathland,3.93,3,3.54,2.62,11,0,6,3.8,0,20.8,1.2,0,0,0,,1.2,0.14,0.14,0.4,0.2,,0.14,,1.3,,,,,0.35,3,0,,5,0,,,
5030,Tall Mallee with Surface Fuel and minimal understorey,100,Forest,Vesta,3.37,2.89,3.1,2.3,11,0,3.8,2.7,4.5,22,1.2,0,0.1,0,,1.3,0.1,0.1,0.31,0.25,0.3,0.1,25,1.5,20,0.3,,,,3,0,,5,0,,,
5031,Semi-arid Mallee Heath,500,Mallee,Mallee heath,2.2,1.89,3.24,2.1,6.6,0,4.5,2.1,1,14.2,1.2,0,0,0,,1.2,0.07,0.07,0.3,0.25,0.3,0.07,,,4.5,,18,,,2.7,0,,5,0,,,
5032,Open Mallee with minimal understorey,500,Mallee,Mallee heath,2,1.71,3.07,1.7,5.8,0,2.8,1.1,1,10.7,1.2,0,0,0,,1.2,0.05,0.05,0.2,0.2,0.3,0.05,,,4.5,,18,,,2.5,0,,4,0,,,
5033,Closed Melaleuca Shrubland (Tea-Tree),600,Heath,Heathland,1.3,1.11,3.99,2.35,3.5,0,6,2.9,0,12.4,1.2,0,0.1,0,,1.3,0.1,0.1,0.14,0.2,,0.1,,1.3,,,,,0.67,3.5,0,,5,0,,,
5034,Open  Melaleuca Shrubland (Tea-Tree),310,Acacia_woodland,Savanna,1.2,1.03,3.4,1.9,3.2,0,6,1.6,0,10.8,1,0,0,0,,1,0.1,0.1,0.1,0.3,,0.1,,,,,,0.5,,3,0,,5,0,,,
5035,Melaleuca Shrubland (Broombush)(uncinata/brevifolia),600,Heath,Heathland,1.3,1.11,3.74,1.71,3.5,0,6,1.2,0,10.7,0.5,0,0,0,,0.5,0.1,0.1,0.3,0.31,,0.1,,1.3,,,,,0.67,3,0,,5,0,,,
5036,Acacia Shrubland (not arid/semi arid),300,Woodland,Savanna,3.07,2.63,3.33,2.1,11,0,5,2.1,0,18.1,0.7,0,0,0,,0.7,0.3,0.3,0.3,0.3,,0.3,,,,,,0.5,,3,0,,5,0,,,
5037,Arid and semi arid Acacia Shrubland,310,Acacia_woodland,Savanna,1.9,1.63,3.07,1.2,5.5,0,2.8,0.5,0,8.8,1.2,0,0,0,,1.2,0.19,0.19,0.1,0.15,,0.19,,,,,,0.5,,2.1,0,,4,0,,,
5038,Chenopod and low flammability shrubland (may have some other species such as aciacia but generally low flamability),550,Chenopod_shrubland,Grassland,0.17,0.15,2.03,0,0.4,0,0.4,0,0,0.8,0.4,0,0.3,0,,0.7,0,0,0,0,,0,,,,,,,,2.2,0,,1,0,,,
5039,Heath,600,Heath,Heathland,1.3,1.11,3.49,1.7,3.5,0,6,1.1,0,10.6,0.5,0,0,0,,0.5,0.1,0.1,0.56,0.15,,0.1,,1.3,,,,,0.67,2.3,0,,5,0,,,
5040,Coastal Heath,600,Heath,Heathland,1.06,0.91,3.58,1.6,2.8,0,6,1,0,9.8,0.7,0,0,0,,0.7,0.1,0.1,0.4,0.2,,0.1,,1.3,,,,,0.67,2.3,0,,5,0,,,
5041,Casuarina and Allocasuarina forests and woodlands,300,Woodland,Savanna,3.68,3,2.7,1.2,11,0,1.1,0.5,0,12.6,0.5,0,0,0,,0.5,0.07,0.07,0.2,0.15,,0.07,,,,,,0.5,,2.8,0,,5,0,,,
5042,Mulga (Acacia aneura) woodlands and tall shrublands with tussock grass,300,Woodland,Savanna,3.15,2.7,3.24,2.2,11,0,4.5,2.4,0,17.9,1.5,0,0,0,,1.5,0.07,0.07,0.2,0.1,,0.07,,,,,,0.5,,3,0,,5,0,,,
5043,Callitris woodlands,100,Forest,Vesta,3.07,2.63,3.24,2,11,0,4.5,1.8,4.5,21.8,0.7,0,0,0,,0.7,0.07,0.07,0.2,0.15,0.3,0.07,25,1.5,20,0.3,,,,3,0,,4,0,,,
5044,Arid/Semi arid Callitris woodlands,310,Acacia_woodland,Savanna,1.8,1.54,2.96,2.05,5.1,0,1.7,2,0,8.8,0.2,0,0,0,,0.2,0.05,0.05,0.12,0.19,,0.05,,,,,,0.5,,3,0,,4,0,,,
5045,Other open shrub/woodland,310,Acacia_woodland,Savanna,1.4,1.2,2.98,1.1,3.8,0,2.4,0.4,0,6.6,0.5,0,0,0,,0.5,0.25,0.25,0.1,0.1,,0.25,,,,,,0.5,,2.5,0,,4,0,,,
5046,Other arid/semi-arid shrubland,310,Acacia_woodland,Savanna,1.4,1.2,2.98,0.3,3.8,0,2.4,0.1,0,6.3,0.2,0,0,0,,0.2,0.15,0.15,0.1,0.1,,0.15,,,,,,0.5,,2.5,0,,4,0,,,
5047,Urban Interface,370,Urban,Savanna,0.25,0.21,3.12,1.63,0.6,0,3.9,1,0,5.5,0.6,0,3.9,1,,5.5,0,0,0.29,0.34,,0,,,,,,0.5,,4,0,,4,0,,,
5048,PRAD01 (1R),200,Pine,Pine,0.76,0.65,2.97,0,1.9,0,1.7,0,0,3.6,0,0,0,0,,0,0.14,0.14,0.08,0,,0.14,,,,,,,,2,0,,1,0,,,
5049,PRAD01 (2R),200,Pine,Pine,0.76,0.65,2.97,0,1.9,0,1.7,0,0,3.6,0,0,0,0,,0,0.14,0.14,0.08,0,,0.14,,,,,,,,2,0,,1,0,,,
5050,PRAD020304,200,Pine,Pine,1.27,1.09,2.19,1.71,3.4,0,0.5,1.2,0,5.1,0,0,0,0,,0,0.2,0.2,0.24,0.24,,0.2,,,,,,,,4,0,,3,0,,,
5051,PRAD05,200,Pine,Pine,2.2,1.89,0,2.47,6.6,0,0,3.3,0,9.9,0,0,0,0,,0,0.05,0.05,0,0.15,,0.05,,,,,,,,5,0,,4,0,,,
5052,PRAD06,200,Pine,Pine,2.97,2.55,0,0,9.9,0,0,0,0,9.9,1.7,0,0,0,,1.7,0.59,0.59,0,0,,0.59,,,,,,,,2,0,,2,0,,,
5053,Gum Plantation,100,Forest,Vesta,2.03,1.74,0,1.03,5.9,0,0,0.4,4.5,10.8,0.4,0,0,0,,0.4,0.15,0.15,1,0.15,0.3,0.15,25,1.5,20,0.3,,,,4,0,,3,0,,,
5054,Gum Plantation class 2,100,Forest,Vesta,0,0,0,0,0,0,0,0,4.5,4.5,0,0,0,0,,0,0,0,0,0,0.3,0,25,1.5,20,0.3,,,,3,0,,1,0,,,
5055,Gum Plantation 3,100,Forest,Vesta,0,0,0,0,0,0,0,0,4.5,4.5,0,0,0,0,,0,0,0,0,0,0.3,0,25,1.5,20,0.3,,,,2.5,0,,1,0,,,
5056,Gum Plantation 4,100,Forest,Vesta,0,0,0,0,0,0,0,0,4.5,4.5,0,0,0,0,,0,0,0,0,0,0.3,0,25,1.5,20,0.3,,,,2,0,,1,0,,,
5057,Gum Plantation 5,100,Forest,Vesta,0,0,0,0,0,0,0,0,4.5,4.5,0,0,0,0,,0,0,0,0,0,0.3,0,25,1.5,20,0.3,,,,3,0,,1,0,,,
5058,Orchard,350,Woody_horticulture,Savanna,1.1,0.94,2.29,0,2.9,0,0.6,0,0,3.5,0,0,0,0,,0,0.15,0.15,0.12,0,,0.15,,,,,,0.5,,3,0,,2,0,,,
5059,Vineyard,350,Woody_horticulture,Savanna,0.93,0.8,2.29,0,2.4,0,0.6,0,0,3,0,0,0,0,,0,0.2,0.2,0.24,0,,0.2,,,,,,0.5,,2.5,0,,1,0,,,
5060,Irrigated Crop Horticulture or Pasture,830,Horticulture,Non_combustible,0,0,0,0,0,0,0,0,0,0,0,0,0,0,,0,0,0,0,0,,0,,,,,,,,2,0,,1,0,,,
5061,Planted Wind Break,360,Rural,Savanna,2.71,2.32,2.89,1.88,8.7,0,1.5,1.5,0,11.7,0.8,0,0.1,0.1,,1,0.14,0.14,0.15,0.1,,0.14,,,,,,0.5,,3,0,,3,0,,,
5062,Natural Grass,800,Grass,Grassland,1.61,1.38,0,0,4.5,0,0,0,0,4.5,4.5,0,0,0,,4.5,1,1,0,0,,1,,,,,,,,2,0,,2,0,,,
5063,Grazed/Cut Grass,810,Pasture,Grassland,0.79,0.68,0,0,2,0,0,0,0,2,2,0,0,0,,2,1,1,0,0,,1,,,,,,,,2,0,,1,0,,,
5064,Eaten Out Grass,810,Pasture,Grassland,0.34,0.29,0,0,0.8,0,0,0,0,0.8,0.8,0,0,0,,0.8,1,1,0,0,,1,,,,,,,,2,0,,1,0,,,
4001,Mesophyll to Notophyll vine forest sparse,150,Wet_forest,Vesta,1.62,0,2.88,2.05,3.8,0,0,0,8,11.8,0.25,0,0,0,0,0.25,0.67,0.67,0.25,1.65,0.3,0.67,25,1.5,20,0.3,,,,5,0,,5,0,,,
4002,Semi-evergreen to deciduous microphyll vine forest,150,Wet_forest,Vesta,2.04,0,0,2.05,6,0,0,0,8,14,0.6,0,0,0,0,0.6,0.67,0.67,0,1.95,0.3,0.67,25,1.5,20,0.3,,,,4,0,,4,0,,,
4003,Wet Eucalypt tall open forst,150,Wet_forest,Vesta,4,3,2.86,1.63,11,3,2,2,8,43,5.11,0.55,0.4,0.2,0,6.26,0.67,0.67,0.25,1.33,0.3,0.67,25,1.5,20,0.3,,,,3,0,,5,1,,,
4004,Wet eucalypt tall woodland,150,Wet_forest,Vesta,3.74,3,2.96,2.06,11,3.1,1.7,1,8,31.8,1.79,0.31,0.2,0.2,0,2.5,0.4,0.4,0.35,2.08,0.3,0.4,25,1.5,20,0.3,,,,3,0,,5,1,,,
4005,Moist to dry eucalypt open forests on coastal lowlands and ranges,150,Wet_forest,Vesta,3.11,2.67,2.89,1.61,11,3.5,2.2,1,8,32.2,4.31,0.86,0.42,0.2,0,5.79,0.67,0.67,0.25,1.7,0.3,0.67,25,1.5,20,0.3,,,,2.5,0,,4,1,,,
4006,Moist to dry eucalypt woodland on coastal lowlands and ranges,150,Wet_forest,Vesta,3.38,2.9,2.78,1.61,11,3.5,1.3,1,8,25.2,1.15,0.35,0.1,0.1,0,1.7,0.4,0.4,0.35,1.33,0.3,0.4,25,1.5,20,0.3,,,,3,0,,4,1,,,
4007,Shrubland within moist to dry eucalypt on coastal lowlands and ranges,650,Wet_heath,Heathland,2.91,2.49,2.81,2.38,7.8,3,1.9,0,0,12.7,1.53,0.59,0.4,0,0,2.52,0.25,0.25,0.25,2.08,0,0.25,,1.3,,,,,0.35,3.5,0,,5,0,,,
4008,Spotted gum dominated open forests / woodlands,100,Forest,Vesta,3.7,3,2.87,2.06,11,3,1.2,0,4.5,23.6,1.47,0.3,0.08,0,0,1.85,0.67,0.67,0.25,2.08,0.3,0.67,25,1.5,20,0.3,,,,3,0,,5,0,,,
4009,Moist to dry eucalypt woodlands on basalt areas,300,Woodland,Savanna,3.05,2.61,2.96,1.61,7.5,4,0.5,1,0,13,0.72,0.38,0,0.1,0,1.2,0.4,0.4,0.35,1.33,0,0.4,,,,,,0.5,,2.5,0,,4,0,,,
4010,Dry eucalypt open forests / woodlands on sandstone and shallow soils,100,Forest,Vesta,3.62,3,2.97,1.61,11,2.7,1.8,1,4.5,22.3,1.2,0.26,0.11,0.1,0,1.67,0.25,0.25,0.25,1.33,0.3,0.25,25,1.5,20,0.3,,,,3,0,,5,0,,,
4011,Dry to moist eucalypt open forests / woodlands on undulating metamorphics and granite,300,Woodland,Savanna,2.97,2.55,2.81,1.61,10,3.4,0.7,1,0,15.1,1.73,0.59,0.05,0.1,0,2.47,0.67,0.67,0.25,1.33,0,0.67,,,,,,0.5,,2.5,0,,4,0,,,
4012,Shrubland associated with dry to moist eucalypt woodlands on undulating terrain,300,Woodland,Savanna,2.2,1.89,2.51,2.05,6.6,0,0.8,2,0,9.4,1.3,0,0.2,0.2,0,1.7,0.25,0.25,0.25,1.75,0,0.25,,,,,,0.5,,2.5,0,,5,0,,,
4013,Open forests / woodlands dominated by Darwin Stringybark Melville Island bloodwood or scarlet gum,300,Woodland,Savanna,2.59,2.22,2.63,2.06,9.2,2.3,0.9,1.1,0,13.5,1.35,0.34,0.09,0.11,0,1.89,0.67,0.67,0.51,1.7,0,0.67,,,,,,0.5,,2.5,0,,5,0,,,
4015,Temperate open eucalypt forests,100,Forest,Vesta,3.98,3,2.97,1.61,11,0.3,1.8,1,4.5,31.3,4.76,0.06,0.32,0.2,0,5.34,0.67,0.67,0.25,1.7,0.3,0.67,25,1.5,20,0.3,,,,3,0,,5,0,,,
4016,Temperate eucalypt woodlands,100,Forest,Vesta,3.13,2.68,2.98,2.07,10.2,1.8,1.8,0,4.5,18.3,1.02,0.18,0.2,0,0,1.4,0.4,0.4,0.35,1.75,0.3,0.4,25,1.5,20,0.3,,,,2.5,0,,5,0,,,
4017,Eucalyptus dominated forest on drainage lines and alluvial plains,100,Forest,Vesta,2.93,2.51,2.7,1.61,10,3.8,1.2,1,4.5,20.5,2.78,1.06,0.22,0.2,0,4.26,0.67,0.67,0.25,1.7,0.3,0.67,25,1.5,20,0.3,,,,2.5,0,,3,0,,,
4018,Eucalyptus dominated woodland on drainage lines and alluvial plains,300,Woodland,Savanna,2.97,2.55,2.14,2.05,7.5,3.6,0.5,0,0,11.6,0.75,0.36,0,0,0,1.11,0.4,0.4,0.35,1.75,0,0.4,,,,,,0.5,,2.5,0,,5,0,,,
4019,Shrubland associated with eucalyptus woodlands on drainage lines,300,Woodland,Savanna,2.66,2.28,1.21,2.05,5.8,2.7,0.1,0,0,8.6,1.16,0.54,0,0,0,1.7,0.25,0.25,0.25,1.75,0,0.25,,,,,,0.5,,2,0,,4,0,,,
4020,Sedgeland associated with Eucalyptus woodlands on drainage lines,300,Woodland,Savanna,2.36,2.02,3.23,2.05,3.9,3.4,3.5,0,0,10.8,0.38,0.33,0.3,0,0,1.01,0.6,0.6,0.2,1.75,0,0.6,,,,,,0.5,,1.8,0,,5,0,,,
4021,Dry open forests / woodlands on sand or depositional plains,300,Woodland,Savanna,3.34,2.86,2.3,2.05,6.7,3.2,0.6,0,0,10.5,0.69,0.33,0,0,0,1.02,0.67,0.67,0.25,1.75,0,0.67,,,,,,0.5,,2.5,0,,5,0,,,
4022,Low open eucalyptus woodlands dominated by snappy gum Cloncurry Box or Normanton box,450,Spinifex_woodland,Spinifex,2.36,2.02,2.48,1.61,4.3,3,0.8,1,0,9.1,0.42,0.29,0.1,0.1,0,0.91,0.75,0.75,0.35,1.33,0,0.75,,,,,,0.5,,2.2,0,1,3,0,,,
4023,Shrubland / Grassland associated with low open eucalypt woodlands dominated by snappy gum Cloncurry Box or Normanton box,450,Spinifex_woodland,Spinifex,1.72,1.47,2.78,2.05,1.6,2.6,0.7,0,0,4.9,0.1,0.16,0.05,0,0,0.31,0.25,0.25,0.25,1.75,0,0.25,,,,,,0.5,,2,0,1,4,0,,,
4024,Open forests dominated by white cypress pine or coast cypress pine,100,Forest,Vesta,3.36,2.88,2.3,2.39,11,2.4,0.6,1,4.5,21,2.53,0.49,0.1,0.07,0,3.19,0.67,0.67,0.25,1.7,0.3,0.67,25,1.5,20,0.3,,,,3,0,,5,0,,,
4025,Woodlands dominated by white cypress pine or coast cypress pine,100,Forest,Vesta,2.66,2.28,2.5,2.06,5.4,3.1,0.8,0,4.5,13.8,0.51,0.29,0.1,0,0,0.9,0.4,0.4,0.35,1.61,0.3,0.4,25,1.5,20,0.3,,,,3,0,,5,0,,,
4026,Melaleuca dry open forest on sandplains or depositional plains,300,Woodland,Savanna,3.04,2.61,2.82,2.06,7.8,3.7,1.4,2,0,14.9,1.57,0.75,0.3,0.4,0,3.02,0.67,0.67,0.25,2.08,0,0.67,,,,,,0.5,,2.5,0,,5,0,,,
4027,Melalueca dry woodlands on sandplains or depositional plains,300,Woodland,Savanna,2.92,2.5,2.56,1.61,3.8,3.2,0.6,0.8,0,8.4,0.47,0.4,0.07,0.08,0,1.02,0.67,0.67,0.53,1.33,0,0.67,,,,,,0.5,,2.5,0,,3,0,,,
4028,Melaleuca open forests on seasonally inundated lowland coastal swamps,150,Wet_forest,Vesta,3.94,3,3.12,2.06,11,8,3,2,8,36.4,3.11,1.61,0.6,0.4,0,5.72,0.67,0.67,0.25,2.08,0.3,0.67,25,1.5,20,0.3,,,,3,0,,5,0,,,
4029,Melaluca woodlands on seasonally inundated lowland coastal swamps,150,Wet_forest,Vesta,3.54,3,2.85,2.05,10.3,6.9,1,1,8,27.2,1.05,0.7,0.05,0.05,0,1.85,0.4,0.4,0.35,1.4,0.3,0.4,25,1.5,20,0.3,,,,3,0,,5,0,,,
4030,Mulga / Shrubland / Grassland associated with mulga on red earth plains sandplains or residuals,310,Acacia_woodland,Savanna,1.72,1.47,1.82,2.06,1.3,3.4,0.2,0,0,4.9,0.14,0.35,0,0,0,0.49,0.4,0.4,0.35,1.61,0,0.4,,,,,,0.5,,1.8,0,,4,0,,,
4031,Acacia open forest / woodlands on residuals,310,Acacia_woodland,Savanna,2.88,2.47,2.51,2.06,4.8,2.8,0.9,0,0,8.5,0.45,0.27,0.11,0,0,0.83,0.67,0.67,0.25,1.61,0,0.67,,,,,,0.5,,2.5,0,,5,0,,,
4032,Shrublands / Grassland associated with Acacia on residuals,310,Acacia_woodland,Savanna,1.72,1.47,2.87,1.21,2.6,2.1,2.1,0,0,6.8,0.22,0.18,0.2,0,0,0.6,0.25,0.25,0.25,1.53,0,0.25,,,,,,0.6,,1.6,0,,4,0,,,
4033,Brigalow belah open forests / woodlands on heavy clay soils,310,Acacia_woodland,Savanna,3.12,2.67,2.8,2.06,10.5,2.6,1.9,0,0,15,2.08,0.52,0.42,0,0,3.02,0.67,0.67,0.25,1.61,0,0.67,,,,,,0.5,,2.5,0,,5,0,,,
4034,Brigalow belah woodlands on heavy clay soils,310,Acacia_woodland,Savanna,1.9,1.63,2.35,2.06,3.3,2.1,0.7,0,0,6.1,0.3,0.19,0.12,0,0,0.61,0.4,0.4,0.35,1.61,0,0.4,,,,,,0.5,,2.5,0,,4,0,,,
4035,Gidgee blackwood dominated open forest,310,Acacia_woodland,Savanna,2.3,1.97,2.8,2.06,6,1,1.4,0,0,8.4,1.2,0.2,0.32,0,0,1.72,0.67,0.67,0.25,1.61,0,0.67,,,,,,0.5,,2.5,0,,5,0,,,
4036,Gidgee blackwood woodland,310,Acacia_woodland,Savanna,1.34,1.15,2.85,2.06,1.9,1.6,0.4,0,0,3.9,0.21,0.18,0,0,0,0.39,0.4,0.4,0.35,1.61,0,0.4,,,,,,0.5,,2.5,0,,4,0,,,
4037,Mixed species open forests / woodlands dominated by western whitewood boree or wooded downs,300,Woodland,Savanna,1.62,1.39,1.8,2.06,2,2.4,0.3,0,0,4.7,0.13,0.16,0,0,0,0.29,0.67,0.67,0.25,1.61,0,0.67,,,,,,0.5,,2.5,0,,4,0,,,
4038,Grassland communities associated with mixed spcies woodlands,800,Grass,Grassland,1.49,1.28,0,0,4.1,0,0,0,0,4.1,0.4,0,0,0,0,0.4,0.6,0.6,0,0,0,0.6,,,,,,,,1.2,0,,2,0,,,
4039,Sedgeland communities associated with mixed species woodlands,800,Grass,Grassland,2.01,1.72,0,0,5.9,0,0,0,0,5.9,0.6,0,0,0,0,0.6,0.6,0.6,0,0,0,0.6,,,,,,,,1.5,0,,2,0,,,
4040,Open forests in coastal locations with species such as she-oak or swamp box,150,Wet_forest,Vesta,4,3,2.83,2.06,11,2.7,2,0,8,34.9,4.33,0.53,0.42,0,0,5.28,0.67,0.67,0.25,1.61,0.3,0.67,25,1.5,20,0.3,,,,3,0,,5,0,,,
4041,Shrubland / Woodlands in coastal locations,600,Heath,Heathland,3.46,2.97,2.99,2.06,13.3,2.9,1.7,0,0,17.9,1.33,0.29,0.07,0,0,1.69,0.4,0.4,0.35,1.61,0,0.4,,1.3,,,,,0.35,2.5,0,,5,0,,,
4042,Grassland associated with woodlands in coastal locations,800,Grass,Grassland,1.41,1.21,1.8,1.59,1.4,2.4,0.3,0,0,4.1,0.15,0.25,0,0,0,0.4,0.6,0.6,0.2,1.61,0,0.6,,,,,,,,1.2,0,,2,0,,,
4043,Sedgeland associated with woodlands in coastal locations,750,Low_wetland,Grassland,2.36,2.02,3.23,2.06,3.9,3.4,3.5,0,0,10.8,0.38,0.33,0.3,0,0,1.01,0.6,0.6,0.2,1.61,0,0.6,,,,,,,,2.5,0,1,5,0,,,
4044,Forests associated with heathlands and scrubs,600,Heath,Heathland,3.7,3,3.16,1.61,18.1,2.6,3.2,1,0,24.9,3.6,0.52,0.6,0.2,0,4.92,0.67,0.67,0.25,1.7,0,0.67,,1.3,,,,,0.35,3,0,,5,0,,,
4045,Woodlands / Heathlands associated scrubs and shrublands,600,Heath,Heathland,3.43,2.94,3.56,0,11.6,3.1,5.8,0,0,20.5,1.18,0.32,0.54,0,0,2.04,0.4,0.4,0.35,0,0,0.4,,1.3,,,,,0.35,2.5,0,,5,0,,,
4046,Grassland / Sedgeland communities associated with heathlands scrubs and shrublands,600,Heath,Heathland,2.88,2.47,3.23,0,4,4.7,2.7,0,0,11.4,0.38,0.45,0.15,0,0,0.98,0.6,0.6,0.2,0,0,0.6,,1.3,,,,,0.67,2,0,,4,0,,,
4047,Woodlands / Shrublands associated with Mitchell grass or bluegrass,300,Woodland,Savanna,1.43,1.23,2.82,0,0.9,2.5,0.6,0,0,4,0.09,0.26,0,0,0,0.35,0.4,0.4,0.35,0,0,0.4,,,,,,0.5,,2,0,,2,0,,,
4048,Sedgelands associated with Mitchell grass or bluegrass,800,Grass,Grassland,2.01,1.72,0,0,0.8,4,0,0,0,4.8,0.07,0.34,0,0,0,0.41,0.6,0.6,0,0,0,0.6,,,,,,,,1.5,0,,2,0,,,
4049,Woodlands / Shrublands associated with inland forblands to tussock grasslands,300,Woodland,Savanna,1.46,1.25,2.82,0,0.9,2.3,1.2,0,0,4.4,0.09,0.23,0.09,0,0,0.41,0.4,0.4,0.35,0,0,0.4,,,,,,0.5,,2.5,0,,2,0,,,
4050,Mixed open forblands to tussock grasslands in inland locations,550,Chenopod_shrubland,Grassland,1.04,0.89,0,0,0.6,2.1,0.1,0,0,2.8,0.07,0.23,0,0,0,0.3,0.6,0.6,0,0,0,0.6,,,,,,,,1.5,0,,2,0,,,
4052,Shrublands / Sedgeland associated with hummock grasslands / grasslands dominated by spinifex or sandhill canegrass,400,Spinifex,Spinifex,1.08,0.93,2.82,0,0.6,1.3,0.5,0,0,2.4,0.06,0.14,0.04,0,0,0.24,0.25,0.25,0.25,0,0,0.25,,,,,,1,,1.5,0,1,2,0,,,
4053,Open forest dominated wetlands,150,Wet_forest,Vesta,2.46,2.11,3.37,1.61,6,3.4,5.3,1.7,8,24.4,1.18,0.67,1.08,0.34,0,3.27,0.67,0.67,0.25,1.7,0.3,0.67,25,1.5,20,0.3,,,,3,0,,5,0,,,
4057,Hoop plantations,200,Pine,Pine,0.78,0.67,2.71,1.61,2,0,1.2,1,0,4.2,0.5,0,0,0.3,0,0.8,0.67,0.67,0.25,2,0,0.67,,,,,,,,3.5,0,,1,0,,,
4058,Cropping and Horticulture,820,Crop,Grassland,1.38,1.18,2.64,1.57,3.7,0,1,0.9,0,5.6,0.4,0,0.1,0,0,0.5,0.6,0.6,0.25,0.79,0,0.6,,,,,,,,1.5,0,,3,0,,,
4059,Low to moderate tree cover in built-up areas,370,Urban,Savanna,1.76,1.51,2.85,1.61,5,0,2,1,0,8,0.5,0,0.2,0.1,0,0.8,0.4,0.4,0.35,1.33,0,0.4,,,,,,0.5,,2,0,,4,0,,,
4061,Low grass or tree cover in built-up areas,950,Built_up,Non_combustible,1.14,0.98,2.22,0,3,0,0.5,0,0,3.5,0.3,0,0.1,0,0,0.4,0.6,0.6,0.25,0,0,0.6,,,,,,,,1.5,0,,2,0,,,
4063,Water bodies or very low vegetation cover,900,Non_combustible,Non_combustible,0,0,0,0,0,0,0,0,0,0,0,0,0,0,0,0,0,0,0,0,0,0,,,,,,,,0,0,,1,0,,,
4100,Forest,100,Forest,Vesta,3.5,3,,,11,3.5,4,5,4.5,31,0,0,0,0,0,0,0.3,0.2,0.2,0.1,0.3,0.3,25,1.5,20,0.3,,,,3,0,,5,0,,,
4130,Mitchell grass or bluegrass tussock grasslands,800,Grass,Grassland,,,,,,,,,,,,,,,,,,,,,,,,,,,,,,,,,2,0,,,
4132,Closed tussock grasslands in coastal locations,800,Grass,Grassland,,,,,,,,,,,,,,,,,,,,,,,,,,,,,,,,,2,0,,,
4133,Hummock grasslands on dunefields or sandplains,400,Spinifex,Spinifex,,,,,,,,,,,,,,,,,,,,,,,,,,,,1,,,,1,2,0,,,
4134,Wetlands: Swamps lakes claypans,750,Low_wetland,Grassland,,,,,,,,,,,,,,,,,,,,,,,,,,,,,,,,,2,0,,,
4055,Mangroves and saltmarshes,900,Non_combustible,Non_combustible,,,,,,,,,,,,,,,,,,,,,,,,,,,,,,,,,3,0,,,
4150,Wet_forest,150,Wet_forest,Vesta,3.5,3,,,11,3.5,4,5,8,34.5,0,0,0,0,0,0,0.35,0.2,0.15,0.1,0.3,0.35,25,1.5,20,0.3,,,,3,0,,5,1,,,
4200,Pine,200,Pine,Pine,,,,,,,,,,,,,,,,,,,,,,,,,,,,,,,,,4,0,,,
4300,Woodland,300,Woodland,Savanna,,,,,,,,,,4.5,,,,,,3,,,,,,0.67,,,,,,0.5,,,,,4,0,,,
4350,Woody_horticulture,350,Woody_horticulture,Savanna,,,,,,,,,,1.6,,,,,,1.6,,,,,,1,,,,,,0.5,,,,,2,0,,,
4360,Rural,360,Rural,Savanna,,,,,,,,,,3.2,,,,,,3.2,,,,,,1,,,,,,0.5,,,,,2,0,,,
4370,Urban,370,Urban,Savanna,1.76,1.51,2.85,1.61,5,0,2,1,0,8,0.5,0,0.2,0.1,0,0.8,0.4,0.4,0.35,1.33,0,0.4,,,,,,0.5,,2,0,,1,0,,,
4400,Spinifex,400,Spinifex,Spinifex,1.08,0.93,2.82,0,2.8,0,1.4,0,0,4.2,0.3,0,0.1,0,0,0.4,0.25,0.25,0.25,0,0,0.25,,,,,,1,,1.5,0,1,2,0,,,
4450,Spinifex_woodland,450,Spinifex_woodland,Spinifex,2.36,2.02,2.48,1.61,7.2,0,0.8,1,0,9,0.7,0,0.1,0.1,0,0.9,0.4,0.4,0.35,1.33,0,0.4,,,,,,0.5,,2.5,0,2,3,0,,,
4500,Mallee,500,Mallee,Mallee heath,1.8,2.2,1.7,1.2,3,1.5,2.3,0,1,7.8,0.6,0.3,0.5,0,0.2,1.6,0.3,0.2,0.2,0.1,0.3,0.3,,,4,,18,,,,,,3,0,,,
4550,Chenopod_shrubland,550,Chenopod_shrubland,Grassland,1.04,0.89,0,0,2.7,0,0,0,0,2.7,0.3,0,0,0,0,0.3,0.6,0.6,0,0,0,0.6,,,,,,,,0,0,,2,0,,,
4600,Heath,600,Heath,Heathland,,,,,,,,,,20,,,,,,6,,,,,,0.2,,1.3,,,,,0.67,,,,3,0,,,
4650,Wet_heath,650,Wet_heath,Heathland,2.91,2.49,2.81,2.38,7.8,3,1.9,0,0,12.7,2.1,0,0.4,0.4,0,2.9,0.25,0.25,0.25,2.08,0,0.25,,1.3,,,,,0.67,3.5,0,,3,0,,,
4750,Low_wetland,750,Low_wetland,Grassland,2.36,2.02,3.23,2.06,3.9,3.4,3.5,0,0,10.8,0.7,0,0.3,0.2,0,1.2,0.6,0.6,0.2,1.61,0,0.6,,,,,,,,,,1,1,0,,,
4800,Grass,800,Grass,Grassland,,,,,4.5,,,,,4.5,,,,,,,1,,,,,1,,,,,,,,,,,2,0,,,
4810,Pasture,810,Pasture,Grassland,,,,,3,,,,,3,,,,,,,1,,,,,1,,,,,,,,,,,1,0,,,
4820,Crop,820,Crop,Grassland,,,,,5,,,,,5,,,,,,,1,,,,,1,,,,,,,,1.5,0,,2,0,,,
4830,Horticulture,830,Horticulture,Non_combustible,,,,,,,,,,,,,,,,,,,,,,,,,,,,,,,,,1,0,,,
4900,Non_combustible,900,Non_combustible,Non_combustible,,,,,,,,,,,,,,,,,,,,,,,,,,,,,,,,,0,0,,,
4950,Built_up,950,Built_up,Non_combustible,,,,,,,,,,,,,,,,,,,,,,,,,,,,,,,,,1,0,,,
2101,Shrub grass dry sclerophyll forests,100,Forest,Vesta,3.1,2.7,2.8,3,11,1,2,2.43,4.5,20.93,1,0,0.1,1,0,2.1,0.3,0.3,0.2,0.1,1,0.3,25,1.3,25,0.3,54,,,3,1,,5,0,3,3,4
2102,Western shrub grass dry sclerophyll forests,100,Forest,Vesta,3.1,2.7,2.8,2,11,1,2,1.67,4.5,20.17,1,0,0.1,0.67,0,1.77,0.3,0.3,0.2,0.1,1,0.3,25,1.3,25,0.3,42,,,2.5,0,,3,0,3,3,3
2103,Piliga shrub grass dry sclerophyll forests,100,Forest,Vesta,2.1,1.8,2.6,2,5.5,0.5,1,1.45,2.3,10.75,0.5,0,0.1,0.55,0,1.15,0.25,0.25,0.2,0.1,1,0.25,25,1.3,25,0.3,38,,,2.5,0,,3,0,2,3,3
2105,Tableland shrubby dry sclerophyll forests,100,Forest,Vesta,2.8,2.8,2,3.2,11,1,2.5,2.55,5.8,30.85,1,0,0.3,1,0,2.3,0.15,0.15,0.15,0.1,1,0.15,18,0.9,20,0.3,44,,,3,1,,5,0,5,3,4
2106,Western shrubby dry sclerophyll forests,100,Forest,Vesta,3.2,2.7,3,1,11,0.5,2.5,0.86,2.7,18.56,1,0,0.3,0.14,0,1.44,0.16,0.16,0.15,0.1,1,0.16,25,1.3,25,0.3,44,,,3,0,,3,0,3,3,2
2108,Coastal valley grassy woodlands,100,Forest,Vesta,3,3.2,3.2,2.3,6.5,1.5,2,1.67,4.5,16.17,1,0,0.1,0.56,0,1.66,0.45,0.45,0.3,0.1,1,0.45,16,1.8,35,0.3,49,,,3,0,,5,0,3,3,4
2109,Subalpine woodlands,100,Forest,Vesta,3.3,2.8,2.8,3,11,1,2,1,6.8,25.8,2,0,0.1,0.5,0,2.6,0.3,0.3,0.2,0.1,1,0.3,25,1.3,15,0.3,40,,,2.5,1,,5,0,4,3,4
2111,Coastal shrubby dry sclerophyll forests,100,Forest,Vesta,3.5,3,3.5,2.1,11,1.9,4.9,2.5,3.5,27.3,1.7,0,0.7,0.88,0,3.28,0.17,0.17,0.2,0.1,1,0.17,25,2.2,25,0.3,63,,,3.5,0,,5,0,4,4,4
2112,Coastal sand shrubby dry sclerophyll forests,100,Forest,Vesta,3.6,3,3,3,11,1,2.5,2.2,8.4,31.1,1,0,0.5,0.8,0,2.3,0.32,0.32,0.25,0.1,1,0.32,25,1.3,35,0.3,64,,,3.5,1,,5,0,4,3,4
2113,South East dry sclerophyll forests,100,Forest,Vesta,3.4,3.1,2.5,3,10,2,5,3.4,2.7,23.1,1,0,0.7,1.2,0,2.9,0.19,0.19,0.19,0.1,1,0.19,32,1.7,30,0.3,60,,,3.5,1,,5,0,3,4,5
2114,Hinterland shrubby dry sclerophyll forests,100,Forest,Vesta,3.4,2.9,3.3,3,11,1.9,4.9,2.62,3.5,27.42,1.7,0,0.7,0.92,0,3.32,0.17,0.17,0.2,0.1,1,0.17,25,1.3,25,0.3,61,,,3.5,1,,5,0,4,4,4
2151,Rainforests,150,Wet_forest,Vesta,2.8,2.4,2.6,1.6,8,1,1,1,8,19,0,0,0.1,0.5,0,0.6,0.75,0.75,0.3,0.1,1,0.75,25,1.3,40,0.3,71,,,5,0,,3,0,3,3,3
2152,Shrubby wet sclerophyll forests,150,Wet_forest,Vesta,3.7,3,2.5,1.9,11,2,3,3.88,6.9,32.78,1,0,0.1,1.38,0,2.48,0.35,0.35,0.15,0.1,1,0.35,25,2,60,0.3,69,,,4.5,0,,5,1,4,3,5
2153,Grassy wet sclerophyll forests,150,Wet_forest,Vesta,3.8,3,3,2.9,11,0,2,3.5,9.6,33.1,1,0,0.1,1.13,0,2.23,0.35,0.35,0.15,0.1,1,0.35,25,1.7,40,0.3,63,,,4.5,0,,5,1,4,3,5
2154,Montane grassy wet sclerophyll forests,150,Wet_forest,Vesta,4,3,2.8,3,11,0,2,2.6,8,36.6,1,0,0.1,1,0,2.1,0.2,0.2,0.15,0.1,1,0.2,25,1.3,35,0.3,53,,,3.5,1,,5,1,5,3,4
2161,Swamp forests,150,Wet_forest,Vesta,3.7,3,3.3,3.2,11.2,7.6,3.75,5,4.5,34.05,5,0,0,0.3,0,5.3,0.13,0.13,0.4,0.12,1,0.13,25,1.3,20,0.3,57,,,3.5,1,,5,0,4,4,4
2162,Floodplain forests,150,Wet_forest,Vesta,3,2.6,2,1,11.3,0,0.4,0.3,4.5,16.5,0,0,0,0.1,0,0.1,0.68,0.68,0.2,0.2,1,0.68,25,1.3,30,0.3,56,,,2.5,0,,2,0,3,2,2
2170,Hardwood plantation,100,Forest,Vesta,2.5,1,1,3,12,2.5,1,2,10,13,0,0,0,0,0,0,0.6,0.6,0.5,0.45,1,0.6,20,1.3,20,0.3,,,,4,1,,4,0,4,1,4
2200,Softwood plantation,200,Pine,Pine,,,,,11,0,1.8,0.3,0,13.1,1.7,0,0.1,0,0,1.8,0.6,0.6,0.2,0.34,1,0.6,,,,,,,,4.5,,,4,0,4,3,2
2301,Semi-arid woodlands (grassy),300,Woodland,Savanna,3,2.6,2,1,10.1,0,0.4,0.3,0,10.8,1.2,0,0,0.1,0,1.3,0.6,0.6,0.2,0.2,1,0.6,,,20,,9,0.5,,2,0,,2,0,3,2,2
2302,Western grassy woodlands,300,Woodland,Savanna,3,2.6,2.2,2,8,2,0.5,1.4,4.5,16.4,1,0,0.1,0.6,0,1.7,0.4,0.4,0.2,0.1,1,0.4,,,20,,32,0.5,,2.5,0,,3,0,3,2,3
2303,Tableland grassy woodlands,300,Woodland,Savanna,3,2.6,2.2,4,8,2,0.5,3.3,4.5,18.3,1,0,0.1,1.2,0,2.3,0.4,0.4,0.2,0.1,1,0.4,,,25,,46,0.5,,2.5,1,,4,0,3,2,5
2304,Inland riverine forests,300,Woodland,Savanna,2.4,2.1,2.5,2.2,7.4,0,0.8,2.4,4.5,15.1,1.7,0,0.1,0,0,1.8,0.25,0.25,0.2,0.2,1,0.25,,,40,,21,0.5,,2.5,0,,3,0,2,3,3
2311,Semi-arid woodlands (shrubby),310,Acacia_woodland,Savanna,2,1.7,1,1.5,5.8,0,0.1,0.8,0,6.7,0,0,0,0,0,0,0.3,0.3,0.25,0.05,1,0.3,,,30,,26,0.5,,2.5,0,,2,0,2,1,3
2312,Arid shrublands (acacia),310,Acacia_woodland,Savanna,2,1.7,2,0,5.8,0,0.4,0,0,6.2,1.2,0,0,0,0,1.2,0.25,0.25,0.2,0,1,0.25,,,,,2,0.64,,1.5,0,,2,0,2,2,1
2350,Orchard / Vineyard,350,Woody_horticulture,Savanna,,,,,2.9,0,0,0,0,2.9,0.2,0,0,0,0,0.2,0.8,0.8,0,0,1,0.8,,,,,,0.64,,1.5,,,1,0,1,1,1
2360,Rural / Remnant woodland,360,Rural,Savanna,3,2.6,2.2,2,10,0,0.5,1.8,4.5,16.8,1,0,0.1,0.3,0,1.4,0.4,0.4,0.2,0.1,1,0.4,,,,,20,0.5,,2.5,0,,3,0,3,2,3
2370,Urban,370,Urban,Savanna,,,,,1.6,0,0,0,1.5,3.1,0,0,0,0,0,0,1,1,0,0,1,1,,,,,20,0.5,,2.5,,,1,0,1,1,1
2451,Dune mallee woodlands,450,Spinifex_woodland,Spinifex,2.8,2.4,2,3,9.1,0,0.4,5,0,14.5,0,0,0,0,0,0,0.1,0.1,0.7,0.15,1,0.1,,,6,,19,0.64,,1.5,1,1,4,0,3,2,4
2501,Sand Plain Mallee Woodlands,500,Mallee,Mallee heath,2.5,2.1,3.4,3,7.8,0,5.5,5,0,18.3,2.6,0,0,0.1,0,2.7,0.25,0.25,0.8,0.3,1,0.25,,,8,,21,0.64,,1.5,1,,5,0,3,4,4
2551,Chenopod shrublands,550,Chenopod_shrubland,Grassland,,,,,3.2,0,0,0,0,3.2,0.5,0,0,0,0,0.5,0.2,0.2,0,0,1,0.2,,,,,,,,1.2,,,1,0,1,1,1
2601,Tall heath,600,Heath,Heathland,,,,,22.2,1.7,13,0,0,36.9,2.7,0,1.6,0,0,4.3,0.07,0.07,0.15,0,1,0.07,,4,,,,,0.67,2,,,5,0,5,5,1
2602,Short heath,600,Heath,Heathland,,,,,5.8,0,6,0,0,11.8,2,0,0,0,0,2,0.6,0.6,0.6,0,1,0.6,,1.5,,,,,0.67,1.5,,,5,0,2,5,1
2603,Montane & Alpine heath,600,Heath,Heathland,,,,,6.6,0,6,0,0,12.6,1.5,0,0.1,0,0,1.6,0.1,0.1,0.25,0,1,0.1,,1,,,,,0.67,1.5,,,4,0,2,4,1
2604,Alpine fjaeldmarks,600,Heath,Heathland,,,,,2.6,0,0,0,0,2.6,0.7,0,0,0,0,0.7,0.15,0.15,0,0,1,0.15,,0.25,,,,,0.67,1,,,1,0,1,1,1
2751,Alpine Herbfields,750,Low_wetland,Grassland,,,,,5.8,0,0,0,0,5.8,1.2,0,0,0,0,1.2,0.2,0.2,0,0,1,0.2,,,,,,,,1,,,2,0,2,1,1
2752,Freshwater wetlands,750,Low_wetland,Grassland,,,,,2.6,0,0,0,0,2.6,0,0,0,0,0,0,0.7,0.7,0,0,1,0.7,,,,,,,,1.2,,,1,0,1,1,1
2800,Native Grasslands,800,Grass,Grassland,,,,,5.1,0,0,0,0,5.1,1.5,0,0,0,0,1.5,0.9,0.9,0,0,1,0.9,,,,,,,,1.2,,,2,0,2,1,1
2810,Pasture Grassland,810,Pasture,Grassland,,,,,4.5,0,0,0,0,4.5,0,0,0,0,0,0,1,1,0,0,1,1,,,,,,,,1.2,,,2,0,2,1,1
2820,Crop,820,Crop,Grassland,,,,,5,0,0,0,0,5,0,0,0,0,0,0,1,1,0,0,1,1,,,,,,,,1.2,,,2,0,2,1,1
2900,Fuel absent (Water / sand / no vegetation),900,Non_combustible,Non_combustible,,,,,0,0,0,0,0,0,0,0,0,0,0,0,1,1,0,0,1,1,,,,,,,,0,,,0,0,1,1,1
2901,Saline wetlands,900,Non_combustible,Non_combustible,,,,,0,0,0,0,0,0,0,0,0,0,0,0,1,1,0,0,1,1,,,8,,57,,,3.5,,,1,0,1,1,1
2950,Urban Built up,950,Built_up,Non_combustible,,,,,0,0,0,0,0,0,0,0,0,0,0,0,1,1,0,0,1,1,,,,,20,0.5,,2.5,,,1,0,1,1,1
1101,Shrub grass dry sclerophyll forests,100,Forest,Vesta,3.1,2.7,2.8,3,11,1,2,2.43,4.5,20.93,1,0,0.1,1,0,2.1,0.3,0.3,0.2,0.1,1,0.3,25,1.3,25,0.3,54,,,3,1,0,5,,,,
1102,Western shrub grass dry sclerophyll forests,100,Forest,Vesta,3.1,2.7,2.8,2,11,1,2,1.67,4.5,20.17,1,0,0.1,0.67,0,1.77,0.3,0.3,0.2,0.1,1,0.3,25,1.3,25,1.3,42,,,2.5,0,0,3,,,,
1103,Piliga shrub grass dry sclerophyll forests,100,Forest,Vesta,2.1,1.8,2.6,2,5.5,0.5,1,1.45,2.3,10.75,0.5,0,0.1,0.55,0,1.15,0.25,0.25,0.2,0.1,1,0.25,25,1.3,25,2.3,38,,,2.5,0,0,3,,,,
1105,Tableland shrubby dry sclerophyll forests,100,Forest,Vesta,2.8,2.8,2,3.2,11,1,2.5,2.55,5.8,30.85,1,0,0.3,1,0,2.3,0.15,0.15,0.15,0.1,1,0.15,18,0.9,20,3.3,44,,,3,1,0,5,,,,
1106,Western shrubby dry sclerophyll forests,100,Forest,Vesta,3.2,2.7,3,1,11,0.5,2.5,0.86,2.7,18.56,1,0,0.3,0.14,0,1.44,0.16,0.16,0.15,0.1,1,0.16,25,1.3,25,4.3,44,,,3,0,0,3,,,,
1108,Coastal valley grassy woodlands,100,Forest,Vesta,3,3,3.2,2.3,6.5,1.5,2,1.67,4.5,16.17,1,0,0.1,0.56,0,1.66,0.45,0.45,0.3,0.1,1,0.45,16,1.8,35,5.3,49,,,3,0,0,5,,,,
1109,Subalpine woodlands,100,Forest,Vesta,3.3,2.8,2.8,3,11,1,2,1,6.8,25.8,2,0,0.1,0.5,0,2.6,0.3,0.3,0.2,0.1,1,0.3,25,1.3,15,6.3,40,,,2.5,1,0,5,,,,
1111,Coastal shrubby dry sclerophyll forests,100,Forest,Vesta,3.5,3,3.5,2.1,11,1.9,4.9,2.5,3.5,27.3,1.7,0,0.7,0.88,0,3.28,0.17,0.17,0.2,0.1,1,0.17,25,2.2,25,7.3,63,,,3.5,0,0,5,,,,
1112,Coastal sand shrubby dry sclerophyll forests,100,Forest,Vesta,3.6,3,3,3,11,1,2.5,2.2,8.4,31.1,1,0,0.5,0.8,0,2.3,0.32,0.32,0.25,0.1,1,0.32,25,1.3,35,8.3,64,,,3.5,1,0,5,,,,
1113,South East dry sclerophyll forests,100,Forest,Vesta,3.4,3,2.5,3,10,2,5,3.4,2.7,23.1,1,0,0.7,1.2,0,2.9,0.19,0.19,0.19,0.1,1,0.19,25,1.7,30,9.3,60,,,3.5,1,0,5,,,,
1114,Hinterland shrubby dry sclerophyll forests,100,Forest,Vesta,3.4,2.9,3.3,3,11,1.9,4.9,2.62,3.5,27.42,1.7,0,0.7,0.92,0,3.32,0.17,0.17,0.2,0.1,1,0.17,25,1.3,25,10.3,61,,,3.5,1,0,5,,,,
1151,Rainforests,150,Wet_forest,Vesta,2.8,2.4,2.6,1.6,8,1,1,1,8,19,0,0,0.1,0.5,0,0.6,0.75,0.75,0.3,0.1,1,0.75,25,1.3,40,11.3,71,,,5,0,0,2,,,,
1152,Shrubby wet sclerophyll forests,150,Wet_forest,Vesta,3.7,3,2.5,1.9,11,2,3,3.88,6.9,32.78,1,0,0.1,1.38,0,2.48,0.35,0.35,0.15,0.1,1,0.35,25,2,60,12.3,69,,,4.5,0,0,5,,,,
1153,Grassy wet sclerophyll forests,150,Wet_forest,Vesta,3.8,3,3,2.9,11,0,2,3.5,9.6,33.1,1,0,0.1,1.13,0,2.23,0.35,0.35,0.15,0.1,1,0.35,25,1.7,40,13.3,63,,,4.5,0,0,5,,,,
1154,Montane grassy wet sclerophyll forests,150,Wet_forest,Vesta,4,3,2.8,3,24,0,2,2.6,8,36.6,1,0,0.1,1,0,2.1,0.2,0.2,0.15,0.1,1,0.2,25,1.3,35,14.3,53,,,3.5,1,0,5,,,,
1161,Swamp forests,150,Wet_forest,Vesta,3.7,3,3.3,3.2,11,7.6,3.75,5,4.5,34.05,5,0,0,0.3,0,5.3,0.13,0.13,0.4,0.12,1,0.13,25,1.3,20,15.3,57,,,3.5,1,0,5,,,,
1162,Floodplain forests,150,Wet_forest,Vesta,3,2.6,2,1,11,0,0.4,0.3,4.5,16.5,0,0,0,0.1,0,0.1,0.68,0.68,0.2,0.2,1,0.68,25,1.3,30,16.3,56,,,2.5,0,0,2,,,,
1170,Hardwood plantation,100,Forest,Vesta,2.5,1,1,3,11,2.5,1,2,10,13,0,0,0,0,0,0,0.6,0.6,0.5,0.45,1,0.6,20,1.3,20,17.3,0,,,4,1,0,4,,,,
1200,Softwood plantation,200,Pine,Pine,0,0,0,0,11,0,1.8,0.3,0,13.1,1.7,0,0.1,0,0,1.8,0.6,0.6,0.2,0.34,1,0.6,25,,0,18.3,0,,,4.5,0,0,4,,,,
1301,Semi-arid woodlands (grassy),300,Woodland,Savanna,3,2.6,2,1,10.1,0,0.4,0.3,0,10.8,1.2,0,0,0.1,0,1.3,0.6,0.6,0.2,0.2,1,0.6,25,,20,19.3,9,0.5,,2,0,0,2,,,,
1302,Western grassy woodlands,300,Woodland,Savanna,3,2.6,2.2,2,8,2,0.5,1.4,4.5,16.4,1,0,0.1,0.6,0,1.7,0.4,0.4,0.2,0.1,1,0.4,25,,20,20.3,32,0.5,,2.5,0,0,3,,,,
1303,Tableland grassy woodlands,300,Woodland,Savanna,3,2.6,2.2,4,8,2,0.5,3.3,4.5,18.3,1,0,0.1,1.2,0,2.3,0.4,0.4,0.2,0.1,1,0.4,25,,25,21.3,46,0.5,,2.5,1,0,4,,,,
1304,Inland riverine forests,300,Woodland,Savanna,2.4,2.1,2.5,2.2,7.4,0,0.8,2.4,4.5,15.1,1.7,0,0.1,0,0,1.8,0.25,0.25,0.2,0.2,1,0.25,25,,40,22.3,21,0.5,,2.5,0,0,3,,,,
1311,Semi-arid woodlands (shrubby),310,Acacia_woodland,Savanna,2,1.7,1,1.5,5.8,0,0.1,0.8,0,6.7,0,0,0,0,0,0,0.3,0.3,0.25,0.05,1,0.3,25,,30,23.3,26,0.5,,2.5,0,0,2,,,,
1312,Arid shrublands (acacia),310,Acacia_woodland,Savanna,2,1.7,2,0,5.8,0,0.4,0,0,6.2,1.2,0,0,0,0,1.2,0.25,0.25,0.2,0,1,0.25,25,,0,24.3,2,0.64,,1.5,0,0,2,,,,
1350,Orchard / Vineyard,350,Woody_horticulture,Savanna,0,0,0,0,2.9,0,0,0,0,2.9,0.2,0,0,0,0,0.2,0.8,0.8,0,0,1,0.8,25,,0,25.3,0,0.64,,1.5,0,0,1,,,,
1360,Rural / Remnant woodland,360,Rural,Savanna,3,2.6,2.2,2,10,0,0.5,1.8,4.5,16.8,1,0,0.1,0.3,0,1.4,0.4,0.4,0.2,0.1,1,0.4,25,,0,26.3,20,0.5,,2.5,0,0,3,,,,
1370,Urban,370,Urban,Savanna,0,0,0,0,1.6,0,0,0,1.5,3.1,0,0,0,0,0,0,1,1,0,0,1,1,25,,0,27.3,20,0.5,,2.5,0,0,1,,,,
1451,Dune mallee woodlands,450,Spinifex_woodland,Spinifex,2.8,2.4,2,3,9.1,0,0.4,5,0,14.5,0,0,0,0,0,0,0.1,0.1,0.7,0.15,1,0.1,25,,6,28.3,19,0.64,,1.5,1,0,4,,,,
1501,Sand Plain Mallee Woodlands,500,Mallee,Mallee heath,2.5,2.1,3.4,3,7.8,0,5.5,5,0,18.3,2.6,0,0,0.1,0,2.7,0.25,0.25,0.8,0.3,1,0.25,25,,8,29.3,21,0.64,,1.5,1,0,5,,,,
1551,Chenopod shrublands,550,Chenopod_shrubland,Grassland,0,0,0,0,3.2,0,0,0,0,3.2,0.5,0,0,0,0,0.5,0.2,0.2,0,0,1,0.2,25,,0,30.3,0,,,1.2,0,0,1,,,,
1601,Tall heath,600,Heath,Heathland,0,0,0,0,22.2,1.7,13,0,0,36.9,2.7,0,1.6,0,0,4.3,0.07,0.07,0.15,0,1,0.07,25,1.3,0,31.3,0,,0.67,2,0,0,5,,,,
1602,Short heath,600,Heath,Heathland,0,0,0,0,5.8,0,6,0,0,11.8,2,0,0,0,0,2,0.6,0.6,0.6,0,1,0.6,25,1.3,0,32.3,0,,0.67,1.5,0,0,5,,,,
1603,Montane & Alpine heath,600,Heath,Heathland,0,0,0,0,6.6,0,6,0,0,12.6,1.5,0,0.1,0,0,1.6,0.1,0.1,0.25,0,1,0.1,25,1.3,0,33.3,0,,0.67,1.5,0,0,4,,,,
1604,Alpine fjaeldmarks,600,Heath,Heathland,0,0,0,0,2.6,0,0,0,0,2.6,0.7,0,0,0,0,0.7,0.15,0.15,0,0,1,0.15,25,1.3,0,34.3,0,,0.67,1,0,0,1,,,,
1751,Alpine Herbfields,750,Low_wetland,Grassland,0,0,0,0,5.8,0,0,0,0,5.8,1.2,0,0,0,0,1.2,0.2,0.2,0,0,1,0.2,25,,0,35.3,0,,,1,0,0,2,,,,
1752,Freshwater wetlands,750,Low_wetland,Grassland,0,0,0,0,2.6,0,0,0,0,2.6,0,0,0,0,0,0,0.7,0.7,0,0,1,0.7,25,,0,36.3,0,,,1.2,0,0,1,,,,
1800,Native Grasslands,800,Grass,Grassland,0,0,0,0,5.1,0,0,0,0,5.1,1.5,0,0,0,0,1.5,0.9,0.9,0,0,1,0.9,25,,0,37.3,0,,,1.2,0,0,2,,,,
1810,Pasture Grassland,810,Pasture,Grassland,0,0,0,0,4.5,0,0,0,0,4.5,0,0,0,0,0,0,1,1,0,0,1,1,25,,0,38.3,0,,,1.2,0,0,1,,,,
1820,Crop,820,Crop,Grassland,0,0,0,0,5,0,0,0,0,5,0,0,0,0,0,0,1,1,0,0,1,1,25,,0,39.3,0,,,1.2,0,0,2,,,,
1900,Fuel absent (Water / sand / no vegetation),900,Non_combustible,Non_combustible,0,0,0,0,0,0,0,0,0,0,0,0,0,0,0,0,1,1,0,0,1,1,25,,0,40.3,0,,,0,0,0,0,,,,
1901,Saline wetlands,900,Non_combustible,Non_combustible,0,0,0,0,0,0,0,0,0,0,0,0,0,0,0,0,1,1,0,0,1,1,25,,8,41.3,57,,,3.5,0,0,1,,,,
1950,Urban Built up,950,Built_up,Non_combustible,0,0,0,0,0,0,0,0,0,0,0,0,0,0,0,0,1,1,0,0,1,1,25,,0,42.3,20,0.5,,2.5,0,0,1,,,,
3000,Water - sand - no vegetation,900,Non_combustible,Non_combustible,,,,,,,,,,,,,,,,,,,,,,,,,,,,,,,,,0,0,,,
3001,Moist Shrubland,650,Wet_heath,Heathland,,,,,5.8,0,6,3.8,,15.6,1.2,0,0.1,0,,1.3,0.25,0,0.2,0.19,,0.25,,1.3,,,,,0.67,2,0,,5,0,,,
3002,Moist Woodland,150,Wet_forest,Vesta,3.5,3,3.5,3,11,0,6,5,8,30,5.8,0,0.1,0.3,8,14.2,0.2,0.2,0.15,0.25,1,0.2,25,1.5,20,0.3,,,,3,1,,5,1,,,
3003,Low flammable Shrubs,550,Chenopod_shrubland,Grassland,,,,,3.2,,,,,3.2,0.5,,,,,0.5,0.2,0,0,0,0,0.2,,,,,,,,,,,2,0,,,
3004,Moist Sedgeland / Grassland,750,Low_wetland,Grassland,,,,,11,,,,,11,0,,,,,0,0.7,0,0,0,,0.7,,,,,,,,,,,3,0,,,
3005,Woodland Heath,100,Forest,Vesta,3.26,2.79,3.74,3,11,0,6,5,4.5,26.5,2.6,0,0.1,0.1,6,8.8,0.15,0.2,0.08,0.1,1,0.15,25,1.5,20,0.3,,,,2.5,1,,5,0,,,
3006,Forest with shrub,100,Forest,Vesta,3.74,3,3.5,3.1,11,0,6,5,4.5,26.5,4.1,0,0.1,0.3,6,10.5,0.15,0.2,0.25,0.25,1,0.15,25,1.5,20,0.3,,,,3.5,1,,5,0,,,
3007,Forest herb-rich,100,Forest,Vesta,3.24,2.78,3,3.1,11,0,1.8,5,4.5,22.3,3.2,0,0.1,0.3,6,9.6,0.25,0.2,0.2,0.25,1,0.25,25,1.5,20,0.3,,,,3,1,,5,0,,,
3008,Dry Open Forest shrub/herbs,100,Forest,Vesta,2.7,2.31,3,2,8.7,0,1.8,1.8,4.5,16.8,3.2,0,0.1,0.5,6,9.8,0.4,0.2,0.35,0.35,1,0.4,25,1.5,20,0.3,,,,3,0,,3,0,,,
3009,Woodland Grass/Herb-rich,100,Forest,Vesta,2.4,2.06,2.5,2.2,7.4,0,0.8,2.4,4.5,15.1,1.7,0,0.1,0,6,7.8,0.25,0.2,0.2,0.2,1,0.25,25,1.5,20,0.3,,,,2.5,0,,5,0,,,
3010,Sparse shrubland,600,Heath,Heathland,,,,,5.8,0,0.4,0,,6.2,1.2,0,0,0,,1.2,0.25,0,0.2,0,,0.25,,1.3,,,,,0.67,1.8,0,,2,0,,,
3011,Wet Forest shrub & wiregrass,150,Wet_forest,Vesta,4,3,4,4,11,0,6,5,8,30,3.5,0,0.1,0.8,8,12.4,0.31,0.2,0.3,0.2,1,0.31,25,1.5,40,0.3,,,,4.5,1,,5,1,,,
3012,Damp Forest  shrub,150,Wet_forest,Vesta,3.84,3,3.76,4,11,0,6,5,8,30,4.1,0,0.1,0.1,8,12.3,0.67,0.2,0.25,0.25,1,0.67,25,1.5,20,0.3,,,,4,1,,5,1,,,
3013,Riparian Forest shrub,150,Wet_forest,Vesta,3.5,3,3.24,3.2,11,0,4.5,5,8,28.5,2.6,0,0.1,0.3,8,11,0.2,0.2,0.15,0.12,1,0.2,25,1.5,20,0.3,,,,5,1,,5,0,,,
3014,Riparian shrubland,650,Wet_heath,Heathland,,,,,9.1,0,4.5,0,,13.6,2.6,0,0.1,0,,2.7,0.2,0,0.25,0,,0.2,,1.3,,,,,0.67,2.5,0,,4,0,,,
3015,Rainforest,150,Wet_forest,Vesta,2.8,2.4,2,1,9.1,0,0.4,0.3,8,17.8,2.6,0,0.1,0.1,8,10.8,0.2,0.2,0.35,0.25,1,0.2,25,1.5,20,0.3,,,,5,0,,2,0,,,
3016,High Elevation Grassland,800,Grass,Grassland,,,,,8.7,,,,,8.7,1,,,,,1,0.67,0,0,0,,0.67,,,,,,,,,,,2,0,,,
3017,High Elevation Shrubland/Heath,600,Heath,Heathland,,,,,6.6,0,6,0,,12.6,1.5,0,0.1,0,,1.6,0.1,0,0.25,0,,0.1,,1.3,,,,,0.67,1.5,0,,4,0,,,
3018,High Elevation Woodland shrub,100,Forest,Vesta,3,2.57,3.26,2,10.1,0,3.6,1.8,4.5,20,2.6,0,0.1,0.1,6,8.8,0.2,0.2,0.15,0.25,1,0.2,25,1.5,20,0.3,,,,2.5,0,,4,0,,,
3019,High Elevation Woodland grass,100,Forest,Vesta,3.5,3,2,1,11,0,0.4,0.3,4.5,16.2,2.6,0,0.1,0.1,6,8.8,0.25,0.2,0.35,0.25,1,0.25,25,1.5,20,0.3,,,,2.5,0,,3,0,,,
3020,Temperate Grassland / Sedgeland,800,Grass,Grassland,,,,,2,,,,,2,0,,,,,0,1,0,0,0,,1,,,,,,,,,,,1,0,,,
3021,Broombush / Shrubland / Tea-tree,300,Woodland,Savanna,,,,,5.8,0,1.8,0,,7.6,1.2,0,0.1,0,,1.3,0.25,0,0.35,0,,0.25,,,,,,0.5,,2,,,2,0,,,
3022,Woodland bracken/shrubby,100,Forest,Vesta,3.5,3,3.49,2,11,0,6,1.8,4.5,23.3,2.6,0,0.1,0.3,6,9,0.25,0.2,0.25,0.2,1,0.25,25,1.5,20,0.3,,,,3,0,,5,0,,,
3023,Wet Heath,650,Wet_heath,Heathland,,,,,5.8,0,6,0,,11.8,0,0,0.1,0,,0.1,0.57,0,0.47,0,,0.57,,1.3,,,,,0.67,2,0,,5,0,,,
3024,Dry Heath,600,Heath,Heathland,,,,,5.8,0,6,0,,11.8,2,0,0,0,,2,0.6,0,0.6,0,,0.6,,1.3,,,,,0.67,1.5,0,,5,0,,,
3025,Mallee shrub/heath,500,Mallee,Mallee heath,,,,,7.8,0,5.5,5,1,19.3,0,0,0,0,1,1,0.25,0,0.8,0.3,1,0.25,,,6,,25,,,1.5,1,,5,0,,,
3026,Mallee spinifex,450,Spinifex_woodland,Spinifex,,,,,9.1,0,0.4,0.8,,10.3,0,0,0,0,,0,0.1,0,0.7,0.05,,0.1,,,6,,25,0.5,,1.5,0,1,3,0,,,
3027,Mallee chenopod,310,Acacia_woodland,Savanna,,,,,5.8,0,0.1,0.8,1,7.7,0,0,0,0,1,1,0.3,0,0.25,0.05,1,0.3,,,12,,25,0.5,,2,,,2,0,,,
3028,Woodland Callitris/Belah,310,Acacia_woodland,Savanna,,,,,8.7,0,0.4,0,,9.1,3.2,0,0.1,0,,3.3,0.35,0,0.35,0,,0.35,,,,,,0.5,,2.5,,,2,0,,,
3029,Ephemeral grass/sedge/herbs,750,Low_wetland,Grassland,,,,,11,,,,,11,2.6,,,,,2.6,0.25,0,0,0,,0.25,,,,,,,,,,,3,0,,,
3031,Dry Closed Shrubland,600,Heath,Heathland,,,,,5.8,0,6,1.8,,13.6,0.5,0,0.1,0,,0.6,0.2,0,0.35,0.15,,0.2,,1.3,,,,,0.67,4,0,,4,0,,,
3032,Wet Forest with rainforest understorey,150,Wet_forest,Vesta,3.5,3,2,4,11,0,0.4,5,8,24.4,4.1,0,0,0.8,8,12.9,0.4,0.2,0.25,0.2,1,0.4,25,1.5,40,0.3,,,,4.5,1,,5,1,,,
3033,Swamp Forest,150,Wet_forest,Vesta,1,0.86,1.5,1.2,2.6,0,0.1,0.5,8,11.2,0,0,0,0,8,8,0.25,0.2,0.35,0.15,1,0.25,25,1.5,20,0.3,,,,4,0,,1,0,,,
3034,Wet herbland,750,Low_wetland,Grassland,,,,,4.4,,,,,4.4,1.5,,,,,1.5,0.6,0,0,0,,0.6,,,,,,,,,,,2,0,,,
3035,Wet Scrub,650,Wet_heath,Heathland,,,,,7.8,0,6,1.8,,15.6,2.6,0,0.1,0,,2.7,0.35,0,0.5,0.15,,0.35,,1.3,,,,,0.67,1.5,0,,5,0,,,
3036,Alpine Herbland,750,Low_wetland,Grassland,,,,,5.8,,,,,5.8,1.2,,,,,1.2,0.2,0,0,0,,0.2,,,,,,,,,,,2,0,,,
3037,Wet Herbland,750,Low_wetland,Grassland,,,,,2.6,,,,,2.6,0,,,,,0,0.7,0,0,0,,0.7,,,,,,,,,,,1,0,,,
3038,Mangroves / Aquatic Herbs,900,Non_combustible,Non_combustible,,,,,,,,,,,,,,,,,,,,,,,,,,,,,,,,,1,0,,,
3039,Savanna grasslands,300,Woodland,Savanna,,,,,10.1,0,0.4,0.1,,10.6,1.2,0,0,0,,1.2,0.6,0,0.2,0.15,,0.6,,,,,,0.5,,2,,,2,0,,,
3040,Semi-mesic Sclerophyll forest,150,Wet_forest,Vesta,3.5,3,3,3,11,0,1.8,5,8,25.8,1.2,0,0,0.1,8,9.3,0.6,0.2,0.3,0.15,1,0.6,25,1.5,40,0.3,,,,3.5,1,,5,1,,,
3041,Gum Woodland heath/shrub,100,Forest,Vesta,3,2.57,3,1,10.1,0,1.8,0.3,4.5,16.7,1.2,0,0,0.1,6,7.3,0.4,0.2,0.3,0.2,1,0.4,25,1.5,20,0.3,,,,2.5,0,,3,0,,,
3043,Gum Woodland grass/herbs,100,Forest,Vesta,3,2.57,2,1,10.1,0,0.4,0.3,4.5,15.3,1.2,0,0,0.1,6,7.3,0.6,0.2,0.2,0.2,1,0.6,25,1.5,20,0.3,,,,2.5,0,,2,0,,,
3045,Dry Forest shrubs,100,Forest,Vesta,3.5,3,3,3,11,0,1.8,5,4.5,22.3,2,0,0,0,6,8,0.15,0.2,0.1,0.15,1,0.15,25,1.5,20,0.3,,,,3.5,1,,5,0,,,
3046,Eaten Out Grass,800,Grass,Grassland,,,,,1,,,,,1,0,,,,,0,1,0,0,0,,1,,,,,,,,,,,1,0,,,
3047,Non-Combustible,900,Non_combustible,Non_combustible,,,,,,,,,,,,,,,,,,,,,,,,,,,,,,,,,0,0,,,
3048,MalleeDryHeath,500,Mallee,Mallee heath,,,,,5.8,0,6,0,1,12.8,0,0,0,0,1,1,0.6,0,0.6,0,1,0.6,,,6,,25,,,1.5,0,,5,0,,,
3049,Mallee Shrub/heath (costata),500,Mallee,Mallee heath,,,,,7.8,0,5.5,5,1,19.3,0,0,0,0,1,1,0.25,0,0.8,0.3,1,0.25,,,6,,25,,,1.5,1,,5,0,,,
3050,Mallee Spinifex (costata),450,Spinifex_woodland,Spinifex,,,,,9.1,0,0.4,5,,14.5,0,0,0,0,,0,0.1,0,0.7,0.15,,0.1,,,6,,25,0.5,,1.5,1,1,4,0,,,
3051,Mallee Shrub/Heath (discontinuous),500,Mallee,Mallee heath,,,,,7.8,0,5.5,5,1,19.3,0,0,0,0,1,1,0.25,0,0.8,0.3,1,0.25,,,6,,25,,,1.5,1,,5,0,,,
3097,Orchard / Vineyard,350,Woody_horticulture,Savanna,,,,,2.9,0,0,0,,2.9,0.2,0,0,0,,0.2,0.8,0,0,0,,0.8,,,,,,0.6,,1.5,,,2,0,,,
3098,Softwood Plantation,200,Pine,Pine,,,,,11,0,1.8,0.3,,13.1,1.7,0,0.1,0,,1.8,0.6,0,0.2,0.34,,0.6,,,,,,,,4.5,0,,4,0,,,
3099,Hardwood Plantation,100,Forest,Vesta,3.24,2.78,1,3,11,0,0.1,5,8,24.1,1.7,0,0,0,8,9.7,0.6,0.2,0.5,0.45,1,0.6,25,1.5,20,0.3,,,,4,1,,4,0,,,
3350,Woody_horticulture,350,Woody_horticulture,Savanna,,,,,,,,,,,,,,,,,,,,,,,,,,,,0.5,,,,,2,0,,,
3360,Rural,360,Rural,Savanna,,,,,,,,,,,,,,,,,,,,,,,,,,,,0.5,,,,,2,0,,,
3370,Urban,370,Urban,Savanna,,,,,,,,,,,,,,,,,,,,,,,,,,,,0.5,,,,,1,0,,,
3810,Pasture,810,Pasture,Grassland,,,,,3,,,,,3,,,,,,,,,,,,1,,,,,,,,,,,1,0,,,
3820,Crop,820,Crop,Grassland,,,,,5,,,,,5,,,,,,,,,,,,1,,,,,,,,,,,2,0,,,
3830,Horticulture,830,Horticulture,Non_combustible,,,,,,,,,,,,,,,,,,,,,,,,,,,,,,,,,1,0,,,
3900,Non_combustible,900,Non_combustible,Non_combustible,,,,,,,,,,,,,,,,,,,,,,,,,,,,,,,,,0,0,,,
3950,Built_up,950,Built_up,Non_combustible,,,,,,,,,,,,,,,,,,,,,,,,,,,,,,,,,1,0,,,
7101,Dry forest with shrub,100,Forest,Vesta,3.8,3,,,11,0,4.6,5,4.5,27.9,0,0,0,0,0,0,0.15,0.2,0.1,0.25,0,0.15,25,1.5,20,0.3,,,,3.5,1,,5,0,,,
7102,Dry High Elevation Woodland shrub,100,Forest,Vesta,3,2.6,,,10.1,0,3.6,1.8,4.5,20,0,0,0,0,0,0,0.2,0.2,0.15,0.25,0,0.2,25,1.5,20,0.3,,,,2.5,0,,4,0,,,
7103,Dry Open Forest shrub/herbs,100,Forest,Vesta,2.7,2.3,,,8.5,0,2,1.8,4.5,16.8,0,0,0,0,0,0,0.4,0.2,0.8,0.35,0,0.4,25,1.5,20,0.3,,,,3,0,,3,0,,,
7104,Forest herb-rich,100,Forest,Vesta,3.2,2.8,,,10.5,0,3.2,5,4.5,23.2,0,0,0,0,0,0,0.25,0.2,0.45,0.25,0,0.25,25,1.5,20,0.3,,,,3,1,,5,0,,,
7105,Moist Woodland,100,Forest,Vesta,3.5,3,,,11,0,6,5,4.5,26.5,0,0,0,0,0,0,0.2,0.2,0.15,0.25,0,0.2,25,1.5,20,0.3,,,,3,1,,5,0,,,
7106,Woodland Callitris/Belah,100,Forest,Vesta,2.7,2.3,,,10.8,0,1.5,0,4.5,16.8,0,0,0,0,0,0,0.35,0.2,0.8,0,0,0.35,25,1.5,20,0.3,,,,2.5,0,,2,0,,,
7107,Woodland Grass/Herb-rich,100,Forest,Vesta,2.4,2.1,,,11,0,1.8,2.4,4.5,36.3,0,0,0,0,0,0,0.25,0.2,1.6,0.2,0,0.25,25,1.5,20,0.3,,,,2.5,0,,5,0,,,
7151,Rainforest,150,Wet_forest,Vesta,2.8,2.4,,,9.1,0,0.4,0.3,8,17.8,0,0,0,0,0,0,0.2,0.2,0.35,0.25,0,0.2,25,1.5,40,0.3,,,,5,0,,2,0,,,
7152,Wet Forest with rainforest understorey,150,Wet_forest,Vesta,3.5,3,,,11,0,0.4,5,8,24.4,0,0,0,0,0,0,0.4,0.2,0.25,0.2,0,0.4,25,1.5,40,0.3,,,,4.5,1,,5,1,,,
7153,Wet Forest with shrub,150,Wet_forest,Vesta,3.8,3,,,11,0,6,5,8,30,0,0,0,0,0,0,0.15,0.2,0.25,0.25,0,0.15,25,1.5,40,0.3,,,,4.5,1,,5,1,,,
7154,Wet Forest shrub & wiregrass,150,Wet_forest,Vesta,4,3,,,11,0,6,5,8,30,0,0,0,0,0,0,0.31,0.2,0.3,0.2,0,0.31,25,1.5,40,0.3,,,,4.5,1,,5,1,,,
7155,Wet High Elevation Woodland shrub,150,Wet_forest,Vesta,3,2.6,,,10.1,0,3.6,1.8,8,23.5,0,0,0,0,0,0,0.2,0.2,0.15,0.25,0,0.2,25,1.5,20,0.3,,,,4,0,,4,1,,,
7156,Damp Forest with shrub,150,Wet_forest,Vesta,3.8,3,,,11,0,6,5,8,30,0,0,0,0,0,0,0.67,0.2,0.25,0.25,0,0.67,25,1.5,20,0.3,,,,4,1,,5,1,,,
7157,Swamp Forest,150,Wet_forest,Vesta,1,0.9,,,2.6,0,0.1,0.5,8,11.2,0,0,0,0,0,0,0.25,0.2,0.35,0.15,0,0.25,25,1.5,20,0.3,,,,4,0,,1,0,,,
7158,Swamp Closed Shrubland,150,Wet_forest,Vesta,2,1.7,,,5.8,0,6,1.8,8,21.6,0,0,0,0,0,0,0.2,0.2,0.35,0.15,0,0.2,25,1.5,20,0.3,,,,4,0,,4,0,,,
7159,Riparian shrubland,150,Wet_forest,Vesta,2.8,2.4,,,9.1,0,4.5,0,8,21.6,0,0,0,0,0,0,0.2,0.2,0.25,0,0,0.2,25,1.5,20,0.3,,,,2.5,0,,4,0,,,
7160,Plantation Hardwood,100,Forest,Vesta,3.2,2.8,,,11,0,0,0,0,19,0,0,0,0,0,0,0.6,0.2,0,0,0,1,20,1.5,20,0.3,,,,4,1,,4,0,,,
7161,Plantation Hardwood Selective logging,100,Forest,Vesta,2.2,1.9,,,11,0,0,0,0,12.8,0,0,0,0,0,0,0.6,0.2,0,0,0,1,20,1.5,20,0.3,,,,3.5,1,,3,0,,,
7200,Plantation Softwood,200,Pine,Pine,,,,,,,,,,,,,,,,,,,,,,,,,,,,,,,,,4,0,,,
7202,Plantation Pine slash,200,Pine,Pine,,,,,,,,,,,,,,,,,,,,,,,,,,,,,,,,,2,0,,,
7350,Woody_horticulture,350,Woody_horticulture,Savanna,,,,,,,,,,1.6,,,,,,0,,,,,,1,,,,,,0.5,,,,,2,0,,,
7360,Rural,360,Rural,Savanna,,,,,,,,,,3.2,,,,,,0,,,,,,1,,,,,,0.5,,,,,2,0,,,
7370,Residential,370,Urban,Savanna,,,,,,,,,,1.1,,,,,,0,,,,,,1,,,,,,0.5,,,,,1,0,,,
7601,Alpine heath,600,Heath,Heathland,,,,,,,,,,5.9,,,,,,0,,,,,,0.95,,0.5,0,,0,,0.67,,,,4,0,,,
7602,Low Heath,600,Heath,Heathland,,,,,,,,,,5.9,,,,,,0,,,,,,1,,0.5,0,,0,,0.67,,,,2,0,,,
7603,Medium Heath,600,Heath,Heathland,,,,,,,,,,11.8,,,,,,0,,,,,,0.6,,1.5,0,,0,,0.67,,,,5,0,,,
7604,Tall Heath Scrub,600,Heath,Heathland,,,,,,,,,,13.6,,,,,,0,,,,,,0.2,,3.5,0,,0,,0.67,,,,4,0,,,
7605,Woodland Heath,600,Heath,Heathland,,,,,,,,,,22,,,,,,0,,,,,,0.15,,1.5,10,,20,,0.35,,,,2,0,,,
7610,Gorse weed and bracken,600,Heath,Heathland,,,,,,,,,,24,,,,,,0,,,,,,0.3,,3,0,,0,,0.67,,,,5,0,,,
7651,Medium Wet Heath,650,Wet_heath,Heathland,,,,,,,,,,11.8,,,,,,0,,,,,,0.57,,1.5,0,,0,,0.67,,,,5,0,,,
7652,Tall Wet Heath Scrub,650,Wet_heath,Heathland,,,,,,,,,,15.6,,,,,,0,,,,,,0.35,,3.5,0,,0,,0.67,,,,5,0,,,
7701,"Buttongrass low productivity",700,Buttongrass,Buttongrass,,,,,,,,,,11.7,,,,,,0,,,,,,0.106,,,,,,,,,,1,3,0,,,
7702,"Buttongrass moderate productivity",700,Buttongrass,Buttongrass,,,,,,,,,,44.6,,,,,,0,,,,,,0.041,,,,,,,,,,2,3,0,,,
7751,Sedgeland,750,Low_wetland,Grassland,,,,,,,,,,3.2,,,,,,0,,,,,,0.95,,,,,,,,,,,3,0,,,
7752,Alpine sedgeland,750,Low_wetland,Grassland,,,,,,,,,,3.2,,,,,,0,,,,,,0.95,,,,,,,,,,,3,0,,,
7753,Herbland,750,Low_wetland,Grassland,,,,,,,,,,2.6,,,,,,0,,,,,,0.15,,,,,,,,,,,2,0,,,
7800,Grass,800,Grass,Grassland,,,,,,,,,,4.5,,,,,,0,,,,,,1,,,,,,,,,,,2,0,,,
7801,Native grassland,800,Grass,Grassland,,,,,,,,,,4.5,,,,,,0,,,,,,1,,,,,,,,,,,2,0,,,
7802,Exotic gassland,800,Grass,Grassland,,,,,,,,,,4.5,,,,,,0,,,,,,1,,,,,,,,,,,2,0,,,
7803,Plantation 5CG First rotation,800,Grass,Grassland,,,,,,,,,,4.5,,,,,,0,,,,,,1,,,,,,,,,,,2,0,,,
7810,Pasture,810,Pasture,Grassland,,,,,,,,,,3,,,,,,0,,,,,,1,,,,,,,,,,,1,0,,,
7820,Crop,820,Crop,Grassland,,,,,,,,,,5,,,,,,0,,,,,,1,,,,,,,,,,,2,0,,,
7830,Horticulture,830,Horticulture,Non_combustible,,,,,,,,,,,,,,,,,,,,,,,,,,,,,,,,,1,0,,,
7900,Non_combustible,900,Non_combustible,Non_combustible,,,,,,,,,,,,,,,,,,,,,,,,,,,,,,,,,0,0,,,
7901,Non-combustible wetland,900,Non_combustible,Non_combustible,,,,,,,,,,,,,,,,,,,,,,,,,,,,,,,,,2,0,,,
7950,Built_up,950,Built_up,Non_combustible,,,,,,,,,,,,,,,,,,,,,,,,,,,,,,,,,2,0,,,
